,,,PM10,PM10,PM10,PM10,PM10,PM10,PM10,PM10,PM25,PM25,PM25,PM25,PM25,PM25,PM25,PM25
,,,count,mean,std,min,25%,50%,75%,max,count,mean,std,min,25%,50%,75%,max
시도,연도,월,,,,,,,,,,,,,,,,
강원,2016,01,31.0,93.12903225806451,28.772373248753592,42.0,78.5,94.0,100.0,180.0,31.0,70.58064516129032,28.941059867194898,19.0,57.0,66.0,81.5,154.0
강원,2016,02,29.0,76.41379310344827,25.600665785677347,38.0,56.0,72.0,96.0,121.0,29.0,53.62068965517241,20.162578125087236,17.0,38.0,55.0,69.0,95.0
강원,2016,03,31.0,97.7741935483871,27.585877639859316,51.0,80.5,97.0,121.5,141.0,31.0,63.41935483870968,23.025745291663398,21.0,48.0,64.0,83.5,106.0
강원,2016,04,30.0,87.76666666666667,47.65441929308257,20.0,56.5,73.5,110.0,240.0,30.0,46.5,23.73524950291269,8.0,28.5,42.0,56.25,96.0
강원,2016,05,31.0,81.74193548387096,37.37554257526837,37.0,52.5,76.0,93.0,217.0,31.0,43.516129032258064,17.619820218042207,19.0,28.5,39.0,56.5,85.0
강원,2016,06,30.0,57.06666666666667,12.442788614524765,40.0,47.75,55.0,63.0,96.0,30.0,36.1,8.061616163798286,19.0,31.25,37.0,40.5,58.0
강원,2016,07,31.0,41.935483870967744,11.71874704301038,20.0,34.0,43.0,51.5,68.0,31.0,26.161290322580644,9.374066261744145,12.0,18.5,26.0,33.5,50.0
강원,2016,08,31.0,42.064516129032256,11.292875287457331,16.0,35.5,43.0,49.0,64.0,31.0,23.677419354838708,11.151642918644152,6.0,15.5,23.0,32.5,50.0
강원,2016,09,30.0,49.63333333333333,14.013499238931733,30.0,38.0,49.0,59.0,82.0,30.0,32.46666666666667,12.888736952466873,15.0,19.25,32.0,44.75,53.0
강원,2016,10,31.0,50.83870967741935,19.534749847717613,21.0,36.0,51.0,60.0,95.0,31.0,30.903225806451612,14.718140368741512,12.0,21.0,26.0,38.0,70.0
강원,2016,11,30.0,87.46666666666667,27.591519603367058,26.0,65.25,91.5,104.5,155.0,30.0,53.266666666666666,18.938982482468912,16.0,37.25,52.0,70.75,84.0
강원,2016,12,31.0,81.70967741935483,24.06545733118612,14.0,70.0,83.0,96.0,126.0,31.0,57.58064516129032,18.661500821295853,11.0,46.5,56.0,68.0,95.0
강원,2017,01,31.0,108.61290322580645,42.49131473556672,39.0,83.5,100.0,124.5,232.0,31.0,66.80645161290323,31.014426057174003,19.0,38.5,75.0,88.0,139.0
강원,2017,02,28.0,95.39285714285714,29.8034788992385,49.0,69.75,99.5,113.25,165.0,28.0,65.42857142857143,27.028693356325324,23.0,46.25,62.5,81.0,128.0
강원,2017,03,31.0,95.45161290322581,28.050952104670074,42.0,74.0,99.0,113.0,174.0,31.0,60.03225806451613,19.781277125888074,28.0,45.5,58.0,76.0,112.0
강원,2017,04,30.0,79.93333333333334,31.549559626778915,28.0,56.0,80.0,101.0,140.0,30.0,38.766666666666666,16.521007177557898,18.0,26.25,33.5,47.75,82.0
강원,2017,05,31.0,82.87096774193549,46.42394636067602,33.0,58.0,71.0,89.5,250.0,31.0,37.12903225806452,15.107927136625705,8.0,26.5,34.0,46.0,69.0
강원,2017,06,30.0,56.36666666666667,14.530546500706553,31.0,46.0,57.0,66.75,83.0,30.0,30.766666666666666,9.736824283432293,12.0,22.0,34.0,38.0,49.0
강원,2017,07,31.0,50.58064516129032,17.790960614027913,24.0,36.5,47.0,65.0,90.0,31.0,27.451612903225808,13.185443260599724,9.0,16.5,23.0,36.5,53.0
강원,2017,08,31.0,39.0,14.696938456699069,17.0,30.0,40.0,45.5,89.0,31.0,18.838709677419356,6.618644242811606,7.0,14.5,17.0,23.0,36.0
강원,2017,09,30.0,44.93333333333333,15.77412401706501,24.0,32.25,41.0,56.75,80.0,30.0,24.7,10.875946252926765,11.0,16.25,22.0,31.5,50.0
강원,2017,10,31.0,43.70967741935484,16.741552194837645,10.0,32.0,42.0,57.5,79.0,31.0,24.93548387096774,12.447049138573549,8.0,15.5,22.0,30.5,57.0
강원,2017,11,30.0,71.1,23.730309441869835,28.0,51.25,71.0,83.5,144.0,30.0,44.43333333333333,14.387933961419233,18.0,34.75,44.5,53.5,78.0
강원,2017,12,31.0,72.54838709677419,26.472424280972607,24.0,55.5,70.0,85.5,145.0,31.0,53.32258064516129,23.947702877693295,16.0,40.0,50.0,66.0,125.0
강원,2018,01,31.0,77.06451612903226,35.53583682600891,21.0,53.5,64.0,95.5,193.0,31.0,60.16129032258065,31.317829612106,13.0,38.0,54.0,75.5,149.0
강원,2018,02,28.0,78.17857142857143,26.819083271305665,46.0,60.25,72.5,91.5,160.0,28.0,53.142857142857146,21.45747609629987,14.0,41.75,49.5,65.5,98.0
강원,2018,03,31.0,73.51612903225806,40.05735135838942,16.0,39.5,66.0,108.5,160.0,31.0,52.32258064516129,31.84691203949942,7.0,28.0,52.0,78.0,131.0
강원,2018,04,30.0,71.5,32.937506134266265,11.0,51.5,72.5,94.25,128.0,30.0,37.333333333333336,17.29726574632102,8.0,25.25,40.0,45.5,75.0
강원,2018,05,31.0,61.96774193548387,31.55786628926586,6.0,41.0,53.0,88.5,132.0,31.0,33.74193548387097,19.136296649622818,4.0,19.5,29.0,47.5,75.0
강원,2018,06,30.0,53.96666666666667,19.355981581632737,21.0,38.75,55.0,67.75,97.0,30.0,32.56666666666667,16.955689378460864,7.0,21.5,33.5,41.25,70.0
강원,2018,07,31.0,39.74193548387097,18.1768492721474,11.0,23.5,36.0,57.5,77.0,31.0,25.677419354838708,14.833266883987926,7.0,13.0,21.0,40.0,51.0
강원,2018,08,31.0,37.25806451612903,12.148985532231306,11.0,31.5,38.0,44.5,65.0,31.0,21.70967741935484,7.8323838363004015,5.0,15.5,20.0,27.0,38.0
강원,2018,09,30.0,34.03333333333333,11.012479858945403,18.0,26.25,32.0,40.0,60.0,30.0,19.966666666666665,8.543936480025623,2.0,14.25,18.0,24.75,38.0
강원,2018,10,31.0,40.70967741935484,15.451415357796185,7.0,31.0,38.0,54.0,70.0,31.0,25.096774193548388,12.359489845754632,3.0,16.0,23.0,32.0,57.0
강원,2018,11,30.0,70.2,28.179718801367375,24.0,57.25,63.5,75.75,162.0,30.0,43.06666666666667,12.01129736405756,15.0,34.5,44.0,52.0,63.0
강원,2018,12,31.0,68.45161290322581,26.06125951123291,23.0,52.5,68.0,87.5,114.0,31.0,47.54838709677419,21.241215768214115,10.0,34.5,48.0,60.5,89.0
경기,2016,01,31.0,112.6774193548387,30.476643621823136,58.0,90.5,115.0,133.5,170.0,31.0,72.74193548387096,31.28894132856472,21.0,53.0,70.0,92.5,143.0
경기,2016,02,29.0,100.27586206896552,35.80592184833211,43.0,75.0,92.0,122.0,188.0,29.0,60.310344827586206,26.183560066079444,24.0,41.0,53.0,82.0,117.0
경기,2016,03,31.0,135.41935483870967,67.86249538272148,50.0,98.0,118.0,149.0,407.0,31.0,61.354838709677416,23.98825877673878,25.0,37.0,65.0,78.5,109.0
경기,2016,04,30.0,127.53333333333333,75.11220725129118,38.0,84.0,107.5,154.0,397.0,30.0,58.333333333333336,25.981868124989933,25.0,35.75,54.0,75.75,118.0
경기,2016,05,31.0,86.09677419354838,38.91045689675178,15.0,55.5,90.0,118.0,163.0,31.0,46.70967741935484,23.788223344597913,9.0,30.5,43.0,60.5,115.0
경기,2016,06,30.0,69.33333333333333,25.054882287426167,27.0,49.5,66.0,83.75,130.0,30.0,39.86666666666667,16.508583625899995,15.0,28.0,38.5,44.75,85.0
경기,2016,07,31.0,53.54838709677419,23.9928304703404,11.0,40.0,50.0,63.5,132.0,31.0,31.419354838709676,13.625403219839983,7.0,22.5,28.0,39.0,65.0
경기,2016,08,31.0,60.67741935483871,19.89034455336591,23.0,48.5,58.0,69.5,104.0,31.0,33.903225806451616,13.067401778751272,12.0,21.5,37.0,44.0,57.0
경기,2016,09,30.0,73.83333333333333,30.186870100041535,25.0,49.75,75.5,98.5,135.0,30.0,38.46666666666667,17.830104982252934,10.0,22.5,38.5,51.5,77.0
경기,2016,10,31.0,82.2258064516129,31.252423561935537,32.0,62.5,74.0,100.5,142.0,31.0,44.516129032258064,24.576236445995193,12.0,25.0,37.0,60.0,109.0
경기,2016,11,30.0,111.43333333333334,41.05394544719922,45.0,87.5,108.5,125.25,207.0,30.0,78.1,38.573128041378126,20.0,52.5,73.0,92.25,170.0
경기,2016,12,31.0,110.6774193548387,38.11857560890245,28.0,86.0,105.0,137.0,185.0,31.0,85.64516129032258,33.35420851716395,20.0,64.5,87.0,105.5,165.0
경기,2017,01,31.0,146.67741935483872,77.91678770619085,65.0,106.0,120.0,177.0,413.0,31.0,92.54838709677419,45.166240128129196,21.0,61.0,87.0,123.5,192.0
경기,2017,02,28.0,117.35714285714286,36.536348502618075,73.0,85.25,115.5,132.25,203.0,28.0,77.78571428571429,38.10546489713063,32.0,44.0,75.5,98.75,171.0
경기,2017,03,31.0,147.6451612903226,51.1608889596319,70.0,117.0,142.0,173.0,344.0,31.0,97.25806451612904,35.45040455052239,39.0,75.0,98.0,118.5,167.0
경기,2017,04,30.0,110.7,37.73880286097203,54.0,80.25,110.0,134.5,213.0,30.0,60.666666666666664,31.192763676005473,20.0,38.25,52.5,75.25,139.0
경기,2017,05,31.0,123.83870967741936,73.07124230237845,52.0,83.5,100.0,134.5,388.0,31.0,52.516129032258064,22.603644201384782,17.0,37.0,46.0,63.5,102.0
경기,2017,06,30.0,80.8,24.779580024828842,44.0,59.5,76.0,100.5,132.0,30.0,49.733333333333334,24.025752467075726,10.0,28.75,49.5,67.75,93.0
경기,2017,07,31.0,65.70967741935483,26.79949445839989,23.0,46.0,57.0,89.0,133.0,31.0,44.935483870967744,23.129974036404175,13.0,27.5,42.0,66.0,101.0
경기,2017,08,31.0,52.58064516129032,24.697873314043843,17.0,31.5,50.0,65.0,132.0,31.0,26.387096774193548,15.176028069194825,8.0,14.0,23.0,31.5,72.0
경기,2017,09,30.0,75.6,31.0078966583097,25.0,50.5,70.5,98.75,137.0,30.0,42.7,27.063335676354356,8.0,25.0,33.0,55.0,104.0
경기,2017,10,31.0,80.2258064516129,40.956651618851325,23.0,52.5,72.0,105.0,182.0,31.0,53.096774193548384,31.925282393644984,12.0,25.0,46.0,73.5,140.0
경기,2017,11,30.0,119.13333333333334,43.41359498918579,64.0,91.25,108.5,140.5,249.0,30.0,71.73333333333333,29.536573860255,23.0,52.0,70.5,86.0,144.0
경기,2017,12,31.0,119.45161290322581,51.69451209408172,50.0,81.5,104.0,153.0,261.0,31.0,79.58064516129032,44.38751640836898,19.0,48.0,63.0,105.0,204.0
경기,2018,01,31.0,129.09677419354838,49.779081844157304,49.0,88.5,113.0,166.5,246.0,31.0,90.80645161290323,49.567744454661046,20.0,53.5,75.0,122.5,187.0
경기,2018,02,28.0,123.5,50.42449434183381,57.0,82.25,111.5,163.5,216.0,28.0,83.60714285714286,45.87530545722449,30.0,39.75,80.5,123.5,177.0
경기,2018,03,31.0,113.96774193548387,56.06691470672506,23.0,78.0,109.0,148.0,231.0,31.0,75.96774193548387,42.11767947942031,8.0,43.5,75.0,108.5,182.0
경기,2018,04,30.0,101.0,50.39909687203969,19.0,77.25,95.0,123.0,227.0,30.0,54.5,27.723698315265626,11.0,37.0,50.5,70.0,124.0
경기,2018,05,31.0,79.51612903225806,39.07588426616595,24.0,49.0,74.0,115.0,161.0,31.0,46.03225806451613,27.6121759023898,12.0,27.0,42.0,57.0,121.0
경기,2018,06,30.0,90.43333333333334,37.093249997840566,26.0,65.75,87.5,114.0,172.0,30.0,57.43333333333333,24.500082101668674,14.0,42.25,63.0,72.75,104.0
경기,2018,07,31.0,72.96774193548387,36.3102225008952,22.0,40.5,68.0,92.5,172.0,31.0,37.903225806451616,19.861780448405053,10.0,22.5,37.0,50.0,101.0
경기,2018,08,31.0,59.193548387096776,24.05330102756336,26.0,44.5,50.0,65.0,125.0,31.0,28.322580645161292,11.437910930393405,13.0,18.5,25.0,35.5,56.0
경기,2018,09,30.0,61.93333333333333,34.71254700450876,25.0,39.5,56.5,66.75,193.0,30.0,32.9,17.654441660523496,13.0,21.25,27.0,39.0,90.0
경기,2018,10,31.0,88.0,35.94625617965428,29.0,57.0,83.0,110.0,162.0,31.0,53.45161290322581,30.545963955627503,16.0,31.0,41.0,73.0,132.0
경기,2018,11,30.0,144.1,55.06820222734463,56.0,108.25,138.5,178.75,301.0,30.0,97.56666666666666,38.519751613527006,25.0,71.0,100.5,125.0,168.0
경기,2018,12,31.0,124.80645161290323,49.95759492131884,52.0,80.5,118.0,164.5,225.0,31.0,79.25806451612904,42.35875961509062,18.0,35.5,76.0,117.5,165.0
경남,2016,01,31.0,86.6774193548387,36.28350139000204,27.0,72.0,81.0,106.0,164.0,31.0,53.38709677419355,23.234568239808603,16.0,39.5,51.0,65.5,105.0
경남,2016,02,29.0,83.44827586206897,38.614936235770365,35.0,52.0,69.0,113.0,173.0,29.0,48.6551724137931,23.470765801111824,20.0,32.0,43.0,59.0,111.0
경남,2016,03,31.0,90.48387096774194,34.91787600235915,43.0,61.0,89.0,102.5,171.0,31.0,54.29032258064516,24.771211178014823,21.0,37.5,48.0,63.5,113.0
경남,2016,04,30.0,101.23333333333333,84.38772722231074,22.0,53.75,79.0,123.25,430.0,30.0,46.3,25.928482541339584,12.0,26.0,40.5,68.75,105.0
경남,2016,05,31.0,86.64516129032258,50.098934377953114,26.0,58.0,72.0,101.0,271.0,31.0,45.806451612903224,20.759607181316813,11.0,33.0,39.0,59.0,90.0
경남,2016,06,30.0,75.4,30.09250107069293,31.0,50.5,76.5,89.5,141.0,30.0,50.03333333333333,20.942422435603394,18.0,37.0,44.5,61.75,97.0
경남,2016,07,31.0,52.38709677419355,12.810613879006317,32.0,42.5,52.0,60.5,82.0,31.0,32.225806451612904,10.889474053474315,14.0,27.0,32.0,39.0,55.0
경남,2016,08,31.0,57.25806451612903,17.68797659793319,20.0,49.5,56.0,66.0,100.0,31.0,32.16129032258065,14.560441326172198,8.0,21.0,33.0,37.0,69.0
경남,2016,09,30.0,57.03333333333333,20.919358026236967,22.0,43.75,53.5,69.75,108.0,30.0,31.5,11.938780622769675,10.0,22.0,32.5,38.75,55.0
경남,2016,10,31.0,60.516129032258064,21.970997500859987,27.0,45.0,57.0,74.0,129.0,31.0,33.41935483870968,16.43324718073777,9.0,22.0,30.0,40.0,79.0
경남,2016,11,30.0,82.43333333333334,28.49886063461598,33.0,61.5,78.5,111.5,136.0,30.0,50.3,17.979202544549384,20.0,37.0,50.0,63.0,85.0
경남,2016,12,31.0,84.48387096774194,31.190672716633237,28.0,59.5,83.0,105.0,148.0,31.0,51.193548387096776,17.654875350902763,17.0,39.5,52.0,63.5,92.0
경남,2017,01,31.0,76.38709677419355,37.672870361711524,28.0,49.0,62.0,98.5,163.0,31.0,47.935483870967744,26.417084729231533,15.0,30.0,39.0,59.5,116.0
경남,2017,02,28.0,71.60714285714286,27.481090179618374,36.0,46.75,67.0,90.25,121.0,28.0,46.67857142857143,18.889647510442938,20.0,30.5,44.0,60.5,81.0
경남,2017,03,31.0,75.41935483870968,21.344435954987407,41.0,56.0,78.0,91.5,122.0,31.0,47.193548387096776,12.155710194084946,27.0,36.5,48.0,55.0,69.0
경남,2017,04,30.0,82.13333333333334,29.728348636338314,24.0,64.25,76.0,106.0,134.0,30.0,39.3,15.662716547750342,13.0,29.25,32.5,52.0,70.0
경남,2017,05,31.0,89.87096774193549,55.9408866188133,36.0,62.0,74.0,88.0,286.0,31.0,38.806451612903224,12.713298430747518,19.0,31.0,36.0,45.0,61.0
경남,2017,06,30.0,65.16666666666667,20.92693913617554,32.0,52.0,64.0,69.0,118.0,30.0,41.833333333333336,18.17554881462025,19.0,31.0,38.0,47.5,96.0
경남,2017,07,31.0,65.87096774193549,28.004454330795156,33.0,43.5,56.0,77.0,153.0,31.0,39.29032258064516,23.633582812581334,15.0,23.0,32.0,49.5,131.0
경남,2017,08,31.0,42.354838709677416,10.77512068639844,21.0,35.0,40.0,51.5,63.0,31.0,25.838709677419356,7.5723038070481925,14.0,20.5,24.0,33.0,40.0
경남,2017,09,30.0,54.93333333333333,21.26667026988043,25.0,37.0,49.5,69.25,110.0,30.0,32.833333333333336,17.04574642731634,15.0,20.25,26.0,43.0,73.0
경남,2017,10,31.0,54.935483870967744,25.331055358815938,24.0,37.0,49.0,62.5,142.0,31.0,28.774193548387096,13.710603384289488,14.0,20.0,25.0,31.5,72.0
경남,2017,11,30.0,81.2,27.54982946314325,34.0,61.5,81.5,93.5,144.0,30.0,46.56666666666667,19.41326125728694,12.0,33.75,45.0,53.0,104.0
경남,2017,12,31.0,76.87096774193549,35.78802587037911,29.0,44.5,76.0,90.5,171.0,31.0,44.03225806451613,24.170896923046033,13.0,22.5,42.0,57.5,100.0
경남,2018,01,31.0,70.25806451612904,34.0831999103522,27.0,37.5,61.0,99.5,138.0,31.0,40.96774193548387,24.435607721748664,14.0,22.0,34.0,53.0,95.0
경남,2018,02,28.0,80.17857142857143,26.663963156607668,37.0,58.5,83.5,91.25,136.0,28.0,45.92857142857143,19.538999124123187,18.0,28.5,47.5,54.5,88.0
경남,2018,03,31.0,77.7741935483871,37.67289890395955,23.0,50.0,77.0,100.0,196.0,31.0,44.225806451612904,21.53401909757265,11.0,26.0,43.0,59.5,90.0
경남,2018,04,30.0,104.06666666666666,63.680199560710825,22.0,60.25,100.0,129.75,368.0,30.0,43.1,21.47548722902784,19.0,26.5,38.0,51.75,116.0
경남,2018,05,31.0,73.09677419354838,44.28194126933287,25.0,46.5,62.0,91.0,256.0,31.0,34.54838709677419,16.978101012141924,13.0,21.5,29.0,48.0,77.0
경남,2018,06,30.0,74.46666666666667,67.81045252219135,26.0,45.25,58.5,84.75,412.0,30.0,37.53333333333333,17.982239002422084,13.0,23.75,32.0,47.75,78.0
경남,2018,07,31.0,64.45161290322581,27.501319616432248,22.0,43.0,68.0,84.0,116.0,31.0,33.45161290322581,16.905302343106083,13.0,20.0,25.0,44.5,70.0
경남,2018,08,31.0,46.354838709677416,10.876728635322829,31.0,38.0,46.0,51.0,77.0,31.0,22.774193548387096,6.960410320373146,12.0,18.0,22.0,25.5,45.0
경남,2018,09,30.0,53.733333333333334,25.2203165685146,29.0,39.25,45.5,55.0,137.0,30.0,24.666666666666668,10.373485210010127,9.0,19.0,22.0,27.75,54.0
경남,2018,10,31.0,58.354838709677416,25.796057046374063,24.0,40.0,49.0,78.0,115.0,31.0,28.032258064516128,16.1358480222717,11.0,17.0,22.0,34.5,73.0
경남,2018,11,30.0,99.3,64.03940058734315,43.0,68.0,78.0,109.0,353.0,30.0,48.9,19.30936881769912,14.0,38.25,48.5,61.0,90.0
경남,2018,12,31.0,76.3225806451613,45.73283801731836,25.0,45.0,63.0,95.5,207.0,31.0,38.774193548387096,31.2822736571575,7.0,17.0,34.0,48.0,159.0
경북,2016,01,30.0,57.333333333333336,30.453280592582708,20.0,34.25,50.0,63.5,128.0,30.0,45.6,28.373858780027884,10.0,24.25,36.5,57.25,102.0
경북,2016,02,29.0,57.793103448275865,25.87522161443374,7.0,44.0,50.0,78.0,124.0,29.0,41.724137931034484,21.92828661100956,8.0,26.0,36.0,53.0,107.0
경북,2016,03,31.0,67.58064516129032,27.704120263417362,22.0,43.5,66.0,83.5,118.0,31.0,48.806451612903224,22.403004790784518,10.0,32.5,53.0,63.0,92.0
경북,2016,04,29.0,83.34482758620689,76.68454671205599,17.0,33.0,45.0,98.0,351.0,29.0,35.96551724137931,20.600767597731974,8.0,24.0,29.0,53.0,80.0
경북,2016,05,31.0,83.16129032258064,68.00985064640443,31.0,49.5,74.0,88.0,403.0,31.0,36.935483870967744,13.458418638832146,16.0,27.0,35.0,45.5,63.0
경북,2016,06,30.0,57.06666666666667,17.645812892685846,37.0,44.75,50.5,67.0,120.0,30.0,34.53333333333333,11.976221651984872,15.0,27.25,32.0,41.0,70.0
경북,2016,07,31.0,48.54838709677419,16.826246778327043,10.0,39.0,46.0,55.5,81.0,31.0,24.806451612903224,10.448028059044475,4.0,18.0,24.0,29.5,48.0
경북,2016,08,31.0,46.74193548387097,15.66305151609031,17.0,37.0,48.0,58.0,89.0,31.0,23.29032258064516,10.211736869527785,7.0,16.0,22.0,33.0,41.0
경북,2016,09,30.0,47.86666666666667,19.660450995166244,17.0,32.75,42.5,57.25,102.0,30.0,29.2,13.547871699503466,8.0,21.0,26.0,36.0,71.0
경북,2016,10,31.0,56.03225806451613,24.014556517478788,18.0,35.0,48.0,72.0,105.0,31.0,32.483870967741936,16.372478875116286,8.0,19.0,31.0,40.5,69.0
경북,2016,11,30.0,90.06666666666666,38.18189978595051,29.0,59.75,88.0,114.75,190.0,30.0,52.46666666666667,23.694511707513016,13.0,38.0,49.0,68.75,96.0
경북,2016,12,31.0,80.90322580645162,29.911374468262824,27.0,61.0,80.0,100.5,150.0,31.0,51.096774193548384,24.593162787937192,12.0,34.0,57.0,64.5,125.0
경북,2017,01,31.0,84.54838709677419,35.52917928471134,31.0,64.0,73.0,105.5,191.0,31.0,50.096774193548384,26.50453400044312,14.0,31.0,44.0,65.0,122.0
경북,2017,02,28.0,77.89285714285714,27.859886583101527,36.0,53.5,80.0,97.25,136.0,28.0,56.07142857142857,24.162917059961135,15.0,35.25,52.0,75.0,107.0
경북,2017,03,31.0,82.25806451612904,26.730716092085878,36.0,58.0,87.0,106.0,121.0,31.0,55.41935483870968,18.426021805313603,21.0,38.5,59.0,69.5,90.0
경북,2017,04,30.0,71.4,25.61195841385628,25.0,53.25,72.0,80.75,141.0,30.0,35.5,14.028911034987221,16.0,26.5,33.5,40.75,80.0
경북,2017,05,31.0,82.19354838709677,37.88528241488921,36.0,59.5,74.0,87.0,228.0,31.0,38.87096774193548,13.017275535441023,10.0,30.5,40.0,46.0,63.0
경북,2017,06,29.0,55.41379310344828,16.813084278491708,25.0,46.0,55.0,66.0,90.0,29.0,35.310344827586206,15.002627027757178,12.0,22.0,36.0,46.0,69.0
경북,2017,07,31.0,48.483870967741936,16.455740574324278,30.0,35.0,46.0,59.5,98.0,31.0,30.387096774193548,14.502131841801372,11.0,17.0,28.0,41.5,65.0
경북,2017,08,31.0,37.87096774193548,12.940226519098937,15.0,29.5,38.0,45.5,67.0,31.0,22.93548387096774,10.119075991647222,7.0,15.0,22.0,29.0,47.0
경북,2017,09,30.0,50.93333333333333,19.322906423301806,22.0,40.0,48.0,64.0,93.0,30.0,30.4,12.901750749948363,13.0,20.0,27.0,34.75,60.0
경북,2017,10,31.0,54.806451612903224,16.598030716199858,25.0,45.5,51.0,64.5,88.0,31.0,32.83870967741935,15.183536641581123,11.0,21.5,28.0,41.5,69.0
경북,2017,11,30.0,79.76666666666667,26.516986531516807,29.0,65.25,85.5,93.5,140.0,30.0,50.766666666666666,21.06587915012844,12.0,30.75,54.5,65.75,97.0
경북,2017,12,31.0,76.16129032258064,27.990589816571745,31.0,58.5,73.0,90.0,152.0,31.0,51.806451612903224,26.61630998071009,17.0,33.0,46.0,71.0,122.0
경북,2018,01,31.0,78.29032258064517,39.620023177165606,29.0,45.5,68.0,114.0,202.0,31.0,58.03225806451613,33.199883404381346,15.0,33.5,53.0,79.0,163.0
경북,2018,02,28.0,94.10714285714286,36.704363738666245,38.0,65.75,90.0,120.0,157.0,28.0,57.75,28.623514032269963,15.0,31.5,58.0,76.5,114.0
경북,2018,03,31.0,90.03225806451613,41.63370739434394,19.0,58.0,87.0,125.0,168.0,31.0,57.61290322580645,30.28935722808133,8.0,32.0,57.0,81.5,106.0
경북,2018,04,30.0,101.63333333333334,46.320088241632746,41.0,62.0,103.0,125.75,228.0,30.0,47.3,17.91772383943359,22.0,35.5,45.0,58.5,98.0
경북,2018,05,31.0,81.3225806451613,37.20160130673068,31.0,50.0,74.0,99.5,172.0,31.0,44.0,21.694853460363973,15.0,26.5,44.0,58.5,101.0
경북,2018,06,30.0,62.46666666666667,22.750116836885788,21.0,47.5,64.5,74.25,107.0,30.0,35.53333333333333,16.58776726954251,11.0,23.25,38.0,47.5,67.0
경북,2018,07,31.0,48.54838709677419,21.732983703236915,18.0,28.0,48.0,65.0,97.0,31.0,33.0,19.193748982416125,7.0,17.5,29.0,40.5,74.0
경북,2018,08,31.0,37.096774193548384,12.100564280808499,17.0,29.0,34.0,47.0,57.0,31.0,20.774193548387096,8.62442143922074,7.0,15.0,20.0,26.5,39.0
경북,2018,09,30.0,45.2,15.914426333275145,20.0,35.25,39.5,51.5,85.0,30.0,25.033333333333335,10.243528935746278,9.0,20.0,23.0,28.0,51.0
경북,2018,10,31.0,68.45161290322581,27.984327410984193,21.0,50.0,62.0,79.0,144.0,31.0,38.225806451612904,21.932790789773126,10.0,22.0,35.0,45.5,100.0
경북,2018,11,30.0,111.0,52.334468103957434,49.0,77.25,100.0,121.5,301.0,30.0,65.33333333333333,23.34203450243024,25.0,48.0,68.5,84.0,110.0
경북,2018,12,31.0,90.41935483870968,34.347027230459005,33.0,64.5,94.0,115.5,149.0,31.0,49.516129032258064,25.61102753078829,14.0,24.0,51.0,64.5,100.0
광주,2016,01,31.0,64.54838709677419,29.38575472308243,21.0,46.0,57.0,82.0,149.0,31.0,44.45161290322581,25.75116658804337,10.0,27.0,40.0,54.0,127.0
광주,2016,02,29.0,77.51724137931035,39.98805240287866,23.0,47.0,69.0,104.0,165.0,29.0,40.93103448275862,23.046429897805925,13.0,22.0,37.0,50.0,90.0
광주,2016,03,31.0,86.87096774193549,30.554587146595924,33.0,65.0,93.0,104.0,143.0,31.0,47.225806451612904,17.077684615543088,16.0,32.5,50.0,59.5,89.0
광주,2016,04,30.0,96.73333333333333,70.50553088274333,13.0,54.0,81.0,117.5,313.0,30.0,43.6,20.68416018983175,11.0,26.5,42.0,59.5,82.0
광주,2016,05,31.0,70.93548387096774,43.470246900511135,13.0,46.0,62.0,92.0,235.0,31.0,38.516129032258064,19.224760020594857,4.0,28.5,35.0,48.0,82.0
광주,2016,06,30.0,51.166666666666664,22.19208205074788,16.0,35.5,48.0,67.0,99.0,30.0,32.9,15.779406046249452,3.0,21.25,30.0,42.75,69.0
광주,2016,07,31.0,36.935483870967744,16.105766014838636,19.0,24.0,33.0,47.5,87.0,31.0,21.838709677419356,11.290399385299436,7.0,12.5,20.0,27.5,51.0
광주,2016,08,31.0,40.225806451612904,11.52594082181394,13.0,36.5,40.0,45.0,67.0,31.0,24.806451612903224,9.502348323225895,8.0,18.0,25.0,29.5,50.0
광주,2016,09,30.0,42.166666666666664,17.186769838200092,11.0,29.75,43.5,53.0,80.0,30.0,28.466666666666665,12.72719958181698,7.0,19.25,30.5,40.25,46.0
광주,2016,10,31.0,43.74193548387097,19.05949936721928,14.0,29.0,47.0,56.0,94.0,31.0,26.193548387096776,13.337714334019678,7.0,15.0,26.0,34.0,64.0
광주,2016,11,30.0,62.03333333333333,28.170029725093364,26.0,39.25,62.5,72.25,134.0,30.0,35.43333333333333,16.9495871851537,12.0,19.25,37.5,43.5,75.0
광주,2016,12,31.0,60.12903225806452,27.66916687757195,27.0,39.0,56.0,74.5,146.0,31.0,38.25806451612903,20.399293683745494,11.0,22.0,37.0,45.0,99.0
광주,2017,01,31.0,75.12903225806451,42.17482814466774,36.0,45.5,62.0,90.0,190.0,31.0,44.70967741935484,30.665065409340638,10.0,23.0,38.0,59.5,137.0
광주,2017,02,28.0,62.285714285714285,25.34043342442205,29.0,44.25,55.5,72.5,135.0,28.0,38.17857142857143,16.497033563708246,15.0,26.5,34.0,45.75,73.0
광주,2017,03,31.0,74.7741935483871,25.431882454141892,27.0,59.0,75.0,91.5,126.0,31.0,49.935483870967744,18.684994842334437,19.0,35.0,52.0,64.0,92.0
광주,2017,04,30.0,82.26666666666667,49.50996648765979,20.0,53.5,71.0,96.0,288.0,30.0,37.6,17.225882690961253,15.0,25.25,36.5,43.25,87.0
광주,2017,05,31.0,75.41935483870968,59.89032987806316,16.0,44.0,61.0,82.0,307.0,31.0,33.83870967741935,17.933389295191894,9.0,19.5,32.0,42.5,88.0
광주,2017,06,30.0,56.166666666666664,17.07606377427153,21.0,45.5,55.0,64.5,90.0,30.0,35.06666666666667,14.507865484610072,8.0,21.75,38.5,47.5,62.0
광주,2017,07,31.0,39.516129032258064,17.655727999230045,15.0,26.5,39.0,47.0,82.0,31.0,26.032258064516128,12.755348867482331,8.0,15.5,27.0,33.0,57.0
광주,2017,08,31.0,33.38709677419355,11.669554174160035,13.0,24.0,32.0,41.5,54.0,31.0,23.35483870967742,9.995160119100225,11.0,15.5,23.0,28.0,47.0
광주,2017,09,30.0,47.6,26.834871805685715,12.0,33.0,42.0,60.0,140.0,30.0,30.3,16.667436763817708,12.0,18.0,26.0,37.0,81.0
광주,2017,10,31.0,46.32258064516129,21.55981925832434,14.0,32.5,42.0,54.0,100.0,31.0,28.967741935483872,16.369654590059298,7.0,17.5,26.0,33.5,79.0
광주,2017,11,30.0,73.9,26.49183348466675,27.0,56.25,74.0,91.25,137.0,30.0,47.2,22.251540047438482,10.0,25.75,48.5,60.75,94.0
광주,2017,12,31.0,63.0,29.65580325445033,29.0,41.0,55.0,73.5,137.0,31.0,41.064516129032256,21.699363253132518,15.0,22.0,40.0,50.0,96.0
광주,2018,01,31.0,65.64516129032258,37.393001472732635,23.0,38.0,55.0,81.5,161.0,31.0,42.67741935483871,29.143766739818417,14.0,22.5,34.0,54.0,145.0
광주,2018,02,28.0,75.32142857142857,35.42551243407682,30.0,43.25,78.5,101.75,147.0,28.0,46.57142857142857,26.22329833681064,8.0,27.75,44.5,60.25,115.0
광주,2018,03,31.0,74.93548387096774,40.55032715352694,13.0,43.5,81.0,96.5,161.0,31.0,47.41935483870968,30.439857855064947,8.0,22.0,44.0,60.5,130.0
광주,2018,04,30.0,80.96666666666667,46.241109738900704,13.0,56.75,73.5,103.0,228.0,30.0,36.733333333333334,18.177161368109676,7.0,21.75,36.0,52.75,77.0
광주,2018,05,31.0,55.16129032258065,27.59963378282829,15.0,32.0,49.0,68.5,120.0,31.0,27.129032258064516,11.69256725583642,7.0,18.5,25.0,37.0,50.0
광주,2018,06,30.0,53.7,20.391259114529003,17.0,36.0,53.5,69.5,90.0,30.0,33.93333333333333,17.08989080761173,7.0,18.75,35.5,44.5,65.0
광주,2018,07,31.0,39.16129032258065,14.879732914703249,22.0,28.5,35.0,45.0,91.0,31.0,23.06451612903226,12.785240146019857,11.0,15.5,17.0,25.0,70.0
광주,2018,08,31.0,31.258064516129032,8.839184509653531,11.0,25.0,33.0,38.0,42.0,31.0,18.225806451612904,7.102627107483329,6.0,13.5,17.0,24.0,32.0
광주,2018,09,30.0,34.86666666666667,13.21632567576239,17.0,26.25,31.0,42.0,67.0,30.0,19.4,9.053861816545657,8.0,13.0,18.0,21.75,43.0
광주,2018,10,31.0,50.54838709677419,20.046344154944926,15.0,36.5,51.0,58.0,113.0,31.0,29.258064516129032,15.830282671587568,9.0,17.0,29.0,36.5,77.0
광주,2018,11,30.0,90.86666666666666,54.46145953527727,31.0,62.0,77.5,101.5,293.0,30.0,51.03333333333333,19.68980715362968,17.0,38.5,52.0,59.75,113.0
광주,2018,12,31.0,62.903225806451616,35.64300290258915,17.0,35.0,51.0,88.5,164.0,31.0,35.645161290322584,24.296156605653735,10.0,18.5,29.0,42.0,115.0
대구,2016,01,31.0,106.7741935483871,54.284257802435604,40.0,65.0,88.0,124.0,267.0,31.0,60.70967741935484,33.56207537125507,15.0,31.5,63.0,78.5,142.0
대구,2016,02,29.0,91.24137931034483,39.66795681692664,36.0,61.0,81.0,107.0,221.0,29.0,47.06896551724138,26.578631366573358,15.0,26.0,40.0,59.0,127.0
대구,2016,03,31.0,96.19354838709677,36.8125154033595,38.0,66.0,93.0,117.0,185.0,31.0,53.54838709677419,24.422446928563375,19.0,30.0,55.0,69.0,110.0
대구,2016,04,30.0,105.0,84.30854662774563,29.0,59.75,77.0,115.75,436.0,30.0,43.93333333333333,21.187070444565677,11.0,26.0,39.0,59.0,85.0
대구,2016,05,31.0,88.41935483870968,44.08383996700559,20.0,62.0,82.0,95.0,244.0,31.0,45.16129032258065,21.432213720151182,9.0,29.0,44.0,53.5,100.0
대구,2016,06,30.0,63.13333333333333,18.59687280595637,25.0,48.25,64.5,77.0,90.0,30.0,36.56666666666667,14.831660760668045,12.0,24.0,37.5,46.75,69.0
대구,2016,07,31.0,49.16129032258065,12.420673020395066,30.0,39.5,48.0,56.5,80.0,31.0,28.29032258064516,9.420522095889368,13.0,21.0,28.0,33.5,50.0
대구,2016,08,31.0,44.61290322580645,12.960651782362486,15.0,38.0,45.0,51.5,80.0,31.0,25.225806451612904,11.170525733433065,6.0,16.0,25.0,34.5,47.0
대구,2016,09,30.0,52.63333333333333,17.92990823165033,23.0,40.25,54.0,65.0,87.0,30.0,30.533333333333335,12.263580321376404,8.0,20.5,33.5,40.0,53.0
대구,2016,10,31.0,66.74193548387096,32.58728560030275,17.0,41.5,59.0,95.0,134.0,31.0,40.806451612903224,25.42494753169114,8.0,20.5,34.0,57.5,93.0
대구,2016,11,30.0,99.26666666666667,46.948932882980145,32.0,59.5,88.0,141.5,194.0,30.0,60.86666666666667,35.309208853853654,14.0,36.0,55.5,88.75,148.0
대구,2016,12,31.0,90.29032258064517,38.563535063050686,22.0,63.5,86.0,110.0,187.0,31.0,53.45161290322581,25.509264604162176,12.0,35.0,49.0,69.0,116.0
대구,2017,01,31.0,91.19354838709677,45.72994595436614,37.0,62.5,73.0,118.5,212.0,31.0,58.064516129032256,36.33174505752141,17.0,29.5,48.0,83.0,150.0
대구,2017,02,28.0,82.89285714285714,39.810978651171354,39.0,53.75,74.5,88.25,195.0,28.0,54.857142857142854,29.696881349811157,20.0,32.75,49.0,60.5,138.0
대구,2017,03,31.0,87.12903225806451,34.564665903668995,39.0,61.0,78.0,115.5,165.0,31.0,57.87096774193548,27.779779139371467,22.0,34.0,50.0,83.0,110.0
대구,2017,04,30.0,79.23333333333333,33.42380251725772,23.0,63.5,75.5,88.0,189.0,30.0,39.03333333333333,19.282801580206367,13.0,26.5,35.0,49.0,99.0
대구,2017,05,31.0,84.80645161290323,40.44372168403786,39.0,60.0,74.0,98.5,222.0,31.0,37.806451612903224,14.625136705546172,9.0,29.5,37.0,46.5,68.0
대구,2017,06,30.0,59.166666666666664,12.515048413074927,32.0,51.5,59.5,70.5,81.0,30.0,33.13333333333333,12.257955427573059,12.0,24.25,32.5,39.0,64.0
대구,2017,07,31.0,53.096774193548384,16.753815164930202,32.0,39.5,48.0,68.5,93.0,31.0,31.0,12.436505404118419,12.0,19.5,30.0,41.0,50.0
대구,2017,08,31.0,39.54838709677419,12.04114808944014,19.0,30.0,38.0,50.0,70.0,31.0,20.29032258064516,8.363386668039437,8.0,15.0,19.0,24.5,40.0
대구,2017,09,30.0,57.0,23.057648891719058,19.0,41.25,50.0,72.5,110.0,30.0,33.266666666666666,17.71796931879072,9.0,23.0,28.0,43.0,72.0
대구,2017,10,31.0,57.38709677419355,24.484930630021992,25.0,40.0,52.0,66.0,114.0,31.0,38.774193548387096,22.798698321643062,12.0,24.0,32.0,47.0,113.0
대구,2017,11,30.0,95.3,37.710466853976065,29.0,70.0,93.5,131.0,162.0,30.0,61.266666666666666,31.5167534356957,13.0,33.5,59.5,87.75,117.0
대구,2017,12,31.0,92.41935483870968,45.51320262191209,37.0,58.5,89.0,121.0,191.0,31.0,56.58064516129032,33.82875915898423,12.0,27.5,47.0,83.5,129.0
대구,2018,01,31.0,81.54838709677419,44.09371739804317,31.0,46.5,56.0,127.0,174.0,31.0,52.96774193548387,33.785089286022554,15.0,26.5,43.0,74.5,140.0
대구,2018,02,28.0,89.39285714285714,41.120724959125184,35.0,59.75,84.0,106.25,177.0,28.0,54.714285714285715,31.59565973809875,10.0,30.0,47.0,71.25,126.0
대구,2018,03,31.0,78.54838709677419,36.67773049110992,19.0,50.0,80.0,101.5,165.0,31.0,49.12903225806452,27.85168090137933,7.0,26.0,49.0,70.5,109.0
대구,2018,04,30.0,84.1,46.65674360837811,20.0,50.75,75.0,108.25,237.0,30.0,39.7,18.62358534317393,10.0,28.25,37.0,49.0,74.0
대구,2018,05,31.0,63.516129032258064,35.553594255941675,20.0,32.5,62.0,85.5,165.0,31.0,32.03225806451613,18.45803144246923,8.0,17.5,25.0,43.5,77.0
대구,2018,06,30.0,54.333333333333336,20.18591747649376,25.0,36.25,52.5,73.25,88.0,30.0,32.36666666666667,14.157935104978467,8.0,21.0,30.5,44.25,59.0
대구,2018,07,31.0,40.12903225806452,18.927479028269758,14.0,25.5,36.0,46.5,92.0,31.0,25.580645161290324,16.47578868835194,6.0,12.0,22.0,33.0,73.0
대구,2018,08,31.0,35.45161290322581,12.276912504581976,15.0,26.0,36.0,41.5,70.0,31.0,19.483870967741936,7.869226847841896,8.0,13.5,19.0,25.5,42.0
대구,2018,09,30.0,39.0,16.615323214347693,18.0,29.25,35.5,43.75,90.0,30.0,22.566666666666666,12.033525964007257,10.0,14.0,18.5,28.75,52.0
대구,2018,10,31.0,59.645161290322584,36.334142242154535,21.0,37.5,50.0,65.0,178.0,31.0,38.29032258064516,29.827496876078506,8.0,16.5,33.0,45.0,138.0
대구,2018,11,30.0,102.6,51.859624850698374,28.0,69.25,92.0,134.25,265.0,30.0,65.96666666666667,31.205087265770754,11.0,42.0,68.0,86.0,135.0
대구,2018,12,31.0,81.3225806451613,43.629032456820305,29.0,42.5,84.0,109.0,185.0,31.0,50.58064516129032,34.08398861004816,10.0,19.5,49.0,65.5,147.0
대전,2016,01,30.0,55.766666666666666,25.567602524495225,15.0,38.5,48.5,69.75,120.0,30.0,38.766666666666666,20.235992743101352,4.0,24.0,35.5,49.0,95.0
대전,2016,02,29.0,62.275862068965516,23.226980235007705,31.0,44.0,59.0,72.0,119.0,29.0,40.41379310344828,17.300943907732957,15.0,28.0,37.0,44.0,85.0
대전,2016,03,31.0,71.54838709677419,20.958433003888782,33.0,53.5,74.0,89.0,106.0,31.0,43.806451612903224,13.55585815515125,20.0,35.5,43.0,51.0,76.0
대전,2016,04,30.0,76.33333333333333,67.63356304805117,14.0,35.25,52.0,91.5,311.0,30.0,28.466666666666665,16.096119329554696,9.0,18.0,23.5,33.5,75.0
대전,2016,05,31.0,64.90322580645162,40.1142990621463,6.0,39.0,60.0,85.0,220.0,31.0,32.12903225806452,19.010070901996254,3.0,19.5,25.0,42.5,76.0
대전,2016,06,30.0,44.166666666666664,15.770079337113385,15.0,33.5,38.0,58.5,73.0,30.0,28.6,11.734417400286132,9.0,19.25,27.0,37.0,52.0
대전,2016,07,31.0,39.96774193548387,17.62476263852981,16.0,27.0,36.0,47.0,92.0,31.0,16.967741935483872,9.727911289918106,4.0,10.0,15.0,20.5,41.0
대전,2016,08,31.0,38.38709677419355,12.319841501563888,16.0,29.5,39.0,45.5,61.0,31.0,17.483870967741936,7.86498979758582,5.0,11.5,17.0,23.5,31.0
대전,2016,09,30.0,41.13333333333333,21.344034672290853,12.0,22.5,40.5,54.5,85.0,30.0,21.466666666666665,12.161934207935879,3.0,10.0,23.0,31.5,41.0
대전,2016,10,31.0,46.12903225806452,24.946264831278015,13.0,27.0,38.0,65.5,120.0,31.0,20.64516129032258,13.659058989297845,3.0,12.0,19.0,27.5,72.0
대전,2016,11,30.0,70.33333333333333,28.390543998059403,30.0,50.25,68.0,87.0,143.0,30.0,35.6,16.05722525091495,12.0,21.5,35.0,45.75,72.0
대전,2016,12,31.0,70.93548387096774,28.902059308258032,18.0,56.5,68.0,92.0,156.0,31.0,38.774193548387096,16.449335705775184,6.0,30.0,36.0,48.0,78.0
대전,2017,01,31.0,86.6774193548387,32.66944249781866,36.0,60.0,77.0,109.0,160.0,31.0,46.225806451612904,23.016964290741956,9.0,27.0,44.0,64.0,98.0
대전,2017,02,28.0,74.89285714285714,29.41445762648561,31.0,54.0,67.0,93.25,143.0,28.0,42.464285714285715,25.51032055906893,15.0,23.0,37.0,54.25,119.0
대전,2017,03,31.0,81.74193548387096,21.773022668638184,46.0,61.5,88.0,95.5,126.0,31.0,46.483870967741936,18.906561414390744,16.0,29.0,48.0,57.0,84.0
대전,2017,04,30.0,88.33333333333333,41.41991302987367,25.0,65.5,80.0,104.75,251.0,30.0,36.46666666666667,17.165991505526737,13.0,23.25,34.5,46.75,69.0
대전,2017,05,31.0,89.3225806451613,64.3570183154224,38.0,56.5,68.0,87.5,315.0,31.0,33.25806451612903,20.364949859886693,10.0,22.0,30.0,35.5,111.0
대전,2017,06,30.0,60.06666666666667,16.59649596032004,30.0,44.5,63.5,70.75,90.0,30.0,30.066666666666666,11.440802158196274,12.0,18.0,34.0,39.5,48.0
대전,2017,07,31.0,41.74193548387097,17.32237039579261,16.0,27.0,39.0,56.0,77.0,31.0,22.35483870967742,10.31034557163103,5.0,14.5,20.0,31.0,46.0
대전,2017,08,31.0,33.45161290322581,11.854222059889096,15.0,26.0,31.0,40.0,69.0,31.0,14.741935483870968,6.218079778278199,4.0,9.5,15.0,18.0,28.0
대전,2017,09,30.0,53.63333333333333,26.009922951712547,22.0,34.75,47.5,66.75,127.0,30.0,24.0,14.966629547095765,7.0,12.0,20.5,30.25,68.0
대전,2017,10,31.0,55.87096774193548,22.026865317128642,16.0,41.5,53.0,70.5,125.0,31.0,25.322580645161292,15.029719661999009,6.0,16.5,20.0,32.0,77.0
대전,2017,11,30.0,89.06666666666666,29.54474494767197,44.0,65.0,88.5,109.0,153.0,30.0,41.333333333333336,16.752423053424824,16.0,29.0,39.0,53.75,80.0
대전,2017,12,31.0,78.3225806451613,25.572624812188256,45.0,62.5,74.0,87.5,159.0,31.0,40.67741935483871,21.607694766408553,14.0,24.5,35.0,44.5,103.0
대전,2018,01,31.0,89.12903225806451,37.665848311597316,45.0,61.0,77.0,106.5,209.0,31.0,49.0,27.927286537244058,11.0,26.0,41.0,63.5,113.0
대전,2018,02,28.0,89.75,29.23420751258513,53.0,68.25,80.5,106.25,156.0,28.0,48.0,23.88708003487644,17.0,30.25,46.5,58.5,108.0
대전,2018,03,31.0,84.41935483870968,40.619186101765905,20.0,53.0,77.0,106.5,172.0,31.0,47.064516129032256,26.61570399077829,10.0,25.0,43.0,65.5,103.0
대전,2018,04,30.0,89.2,45.022906047538925,23.0,57.0,83.0,119.25,209.0,30.0,34.96666666666667,16.65984918036906,8.0,24.0,32.0,43.75,69.0
대전,2018,05,31.0,67.48387096774194,33.44335605940482,23.0,43.5,57.0,97.0,140.0,31.0,29.129032258064516,18.582683579942323,8.0,15.5,23.0,39.0,72.0
대전,2018,06,30.0,55.3,20.177061062093465,22.0,38.25,54.0,65.25,97.0,30.0,27.7,11.408254724631151,10.0,19.0,28.0,33.75,53.0
대전,2018,07,31.0,44.774193548387096,17.589219572263296,19.0,30.5,42.0,55.0,90.0,31.0,23.774193548387096,15.27461876757072,6.0,14.0,21.0,32.0,68.0
대전,2018,08,31.0,34.806451612903224,10.888585322372261,20.0,26.0,32.0,40.5,61.0,31.0,17.258064516129032,8.278356285863694,4.0,11.5,17.0,21.0,40.0
대전,2018,09,30.0,34.333333333333336,10.528559954364306,16.0,28.0,31.5,40.75,64.0,30.0,14.666666666666666,6.396838299494919,6.0,10.25,12.5,18.5,30.0
대전,2018,10,31.0,54.58064516129032,22.242263364367677,8.0,41.0,46.0,67.5,103.0,31.0,27.580645161290324,14.451699308497453,4.0,18.0,24.0,34.5,76.0
대전,2018,11,30.0,94.9,40.73238989068646,37.0,72.5,91.0,101.0,247.0,30.0,49.233333333333334,18.079676784823288,16.0,38.25,49.0,57.0,113.0
대전,2018,12,31.0,87.09677419354838,34.32429153307191,25.0,62.5,88.0,105.5,163.0,31.0,44.45161290322581,23.495870147293854,11.0,26.5,42.0,58.5,112.0
부산,2016,01,31.0,99.87096774193549,38.16345715950786,36.0,81.5,90.0,105.0,201.0,31.0,62.38709677419355,28.580503167199886,19.0,46.0,53.0,74.0,136.0
부산,2016,02,29.0,88.24137931034483,32.987719763154495,27.0,67.0,82.0,111.0,183.0,29.0,49.172413793103445,21.779854658962197,20.0,36.0,46.0,53.0,126.0
부산,2016,03,31.0,89.93548387096774,31.644836844653366,32.0,67.5,85.0,103.5,155.0,31.0,49.61290322580645,21.23782383603185,13.0,32.5,48.0,63.0,96.0
부산,2016,04,30.0,95.16666666666667,55.34037830792601,30.0,55.0,75.5,125.75,244.0,30.0,47.4,22.344636014504456,15.0,29.0,40.5,62.25,111.0
부산,2016,05,31.0,95.58064516129032,49.22247060950137,42.0,65.5,82.0,114.5,275.0,31.0,52.774193548387096,20.95186495664026,21.0,36.5,50.0,64.5,117.0
부산,2016,06,30.0,70.66666666666667,22.398173160316897,36.0,56.0,64.0,83.25,133.0,30.0,42.7,14.86989553101999,21.0,34.0,41.5,52.0,79.0
부산,2016,07,31.0,54.516129032258064,12.052305361055579,31.0,46.5,54.0,64.0,74.0,31.0,31.258064516129032,10.207734786051486,16.0,23.0,31.0,39.5,49.0
부산,2016,08,31.0,63.03225806451613,18.867050415946036,21.0,48.0,62.0,77.5,97.0,31.0,33.193548387096776,16.45887674344498,13.0,22.0,26.0,45.0,71.0
부산,2016,09,30.0,59.9,21.936192735389106,26.0,41.5,56.5,70.5,107.0,30.0,35.3,14.669108992051617,17.0,22.0,36.0,43.25,78.0
부산,2016,10,31.0,63.41935483870968,22.934361692372413,25.0,47.0,61.0,77.5,117.0,31.0,34.193548387096776,12.5044508205111,14.0,26.0,31.0,38.5,64.0
부산,2016,11,30.0,91.46666666666667,30.028415661277183,43.0,67.25,84.5,113.5,153.0,30.0,51.4,19.46101319260533,18.0,33.0,52.5,61.75,88.0
부산,2016,12,31.0,100.35483870967742,38.39752456178807,44.0,72.5,89.0,118.5,205.0,31.0,60.67741935483871,28.27294006262784,26.0,38.0,61.0,73.5,133.0
부산,2017,01,31.0,86.51612903225806,34.348091618741535,45.0,64.5,78.0,103.5,174.0,31.0,54.58064516129032,26.500030432118866,22.0,36.0,48.0,65.5,131.0
부산,2017,02,28.0,85.28571428571429,28.813393417153073,37.0,68.0,77.0,106.0,145.0,28.0,50.17857142857143,17.395302838598724,21.0,38.75,44.0,64.25,88.0
부산,2017,03,31.0,86.29032258064517,25.108024677895443,51.0,61.5,88.0,101.5,156.0,31.0,51.12903225806452,15.72840728423971,28.0,38.0,49.0,63.0,81.0
부산,2017,04,30.0,85.56666666666666,32.12871026027198,27.0,64.25,83.0,103.75,159.0,30.0,40.666666666666664,15.461483475539072,15.0,31.25,37.5,50.25,82.0
부산,2017,05,31.0,98.12903225806451,45.351767283083085,41.0,69.5,87.0,106.5,275.0,31.0,43.67741935483871,15.52715276920658,18.0,30.5,43.0,54.0,79.0
부산,2017,06,30.0,76.33333333333333,20.10718405383291,34.0,62.25,76.5,92.0,118.0,30.0,39.0,13.513722272385666,18.0,26.0,39.0,50.75,66.0
부산,2017,07,31.0,63.193548387096776,23.00930153197283,31.0,46.0,59.0,83.5,115.0,31.0,36.58064516129032,16.243509870198185,14.0,25.5,29.0,51.0,74.0
부산,2017,08,31.0,46.225806451612904,14.502205987180837,25.0,35.0,44.0,55.5,96.0,31.0,26.483870967741936,9.51795134729435,14.0,19.5,23.0,32.0,54.0
부산,2017,09,30.0,61.0,25.8856903619981,24.0,39.5,56.0,74.5,132.0,30.0,34.0,17.913585674681045,15.0,20.25,26.5,44.75,83.0
부산,2017,10,31.0,53.38709677419355,22.841011973137032,18.0,37.5,45.0,68.0,97.0,31.0,28.870967741935484,13.243216969412106,13.0,19.0,23.0,37.0,58.0
부산,2017,11,30.0,88.06666666666666,30.38254187152077,29.0,68.5,89.0,100.75,209.0,30.0,48.266666666666666,20.60621488663124,12.0,31.0,49.0,61.0,109.0
부산,2017,12,31.0,97.93548387096774,38.349215971012995,46.0,76.0,91.0,116.5,229.0,31.0,53.96774193548387,27.668855982816666,20.0,29.5,49.0,68.0,129.0
부산,2018,01,31.0,92.64516129032258,47.590999420126195,48.0,62.0,86.0,104.5,296.0,31.0,51.354838709677416,25.75208520631132,19.0,33.0,45.0,66.5,118.0
부산,2018,02,28.0,93.85714285714286,35.34037066786084,30.0,69.5,92.5,112.5,171.0,28.0,49.75,24.322866851007753,15.0,31.25,45.0,59.75,104.0
부산,2018,03,31.0,78.12903225806451,30.36526736858399,21.0,59.0,77.0,100.5,142.0,31.0,43.61290322580645,22.585655358146887,14.0,24.0,39.0,55.0,92.0
부산,2018,04,30.0,95.56666666666666,47.34006346843445,28.0,63.75,87.5,121.75,250.0,30.0,39.06666666666667,14.918013488289304,17.0,28.25,36.0,51.0,82.0
부산,2018,05,31.0,75.64516129032258,33.44303453844739,24.0,45.5,70.0,109.5,137.0,31.0,34.03225806451613,17.092852055694202,11.0,21.0,27.0,42.5,73.0
부산,2018,06,30.0,67.6,25.30312778812274,30.0,47.0,61.5,81.0,138.0,30.0,39.56666666666667,17.99172862319168,16.0,24.0,36.0,50.25,87.0
부산,2018,07,31.0,59.064516129032256,23.93315062679235,21.0,42.0,55.0,75.5,111.0,31.0,36.96774193548387,19.509799026758735,11.0,22.0,30.0,51.5,82.0
부산,2018,08,31.0,45.83870967741935,9.86609268891371,31.0,40.0,44.0,50.5,79.0,31.0,24.806451612903224,6.944635122830235,13.0,20.5,24.0,27.5,41.0
부산,2018,09,30.0,43.56666666666667,17.985977935571103,15.0,31.0,41.0,51.25,107.0,30.0,23.2,11.09644242461333,9.0,17.25,21.0,25.75,63.0
부산,2018,10,31.0,64.93548387096774,21.98474544446818,23.0,49.5,62.0,74.5,120.0,31.0,30.129032258064516,16.011957897113167,14.0,18.5,25.0,35.0,72.0
부산,2018,11,30.0,95.5,48.01921310877769,42.0,66.25,79.5,105.0,252.0,30.0,51.96666666666667,20.285009469936224,18.0,39.5,48.0,65.25,96.0
부산,2018,12,31.0,81.7741935483871,41.02495962006492,36.0,53.5,70.0,86.0,182.0,31.0,48.25806451612903,30.584274545301312,17.0,29.5,39.0,56.0,145.0
서울,2016,01,31.0,77.41935483870968,23.012712709208344,38.0,59.5,76.0,94.5,119.0,31.0,44.483870967741936,16.00806248476464,17.0,32.0,46.0,53.0,77.0
서울,2016,02,29.0,72.51724137931035,28.54022310661515,34.0,55.0,64.0,80.0,130.0,29.0,40.793103448275865,17.076256093403135,19.0,30.0,37.0,48.0,79.0
서울,2016,03,31.0,94.38709677419355,45.70461495250769,41.0,58.5,89.0,110.5,259.0,31.0,47.54838709677419,20.043018251879165,18.0,30.0,54.0,59.0,98.0
서울,2016,04,30.0,94.33333333333333,51.83350888834519,27.0,60.25,77.0,116.75,267.0,30.0,41.96666666666667,20.052488594949377,17.0,28.25,38.0,56.25,103.0
서울,2016,05,31.0,73.80645161290323,35.65334893558501,14.0,48.5,67.0,101.0,147.0,31.0,38.67741935483871,22.6368241246782,9.0,21.5,30.0,50.5,92.0
서울,2016,06,30.0,57.86666666666667,22.023080891510684,30.0,44.0,53.5,67.0,117.0,30.0,35.43333333333333,14.121842542020117,14.0,25.75,32.5,43.75,72.0
서울,2016,07,31.0,45.516129032258064,16.596929370101236,19.0,33.0,46.0,55.0,79.0,31.0,30.29032258064516,13.616640673301415,10.0,21.5,29.0,40.0,60.0
서울,2016,08,31.0,48.45161290322581,22.66103661894489,18.0,33.5,50.0,57.0,122.0,31.0,29.612903225806452,14.94585208757453,10.0,17.0,31.0,37.0,65.0
서울,2016,09,30.0,49.53333333333333,25.188576137131925,17.0,30.5,46.5,65.75,108.0,30.0,29.066666666666666,14.76233168512377,8.0,15.75,29.5,37.5,69.0
서울,2016,10,31.0,51.354838709677416,24.783796302015254,17.0,36.5,45.0,64.0,119.0,31.0,27.677419354838708,16.53155991182561,9.0,15.5,24.0,32.0,78.0
서울,2016,11,30.0,73.8,26.11169641473285,20.0,59.0,72.0,85.5,143.0,30.0,39.2,15.293451381961294,10.0,30.25,37.0,45.0,73.0
서울,2016,12,31.0,73.41935483870968,24.542173489116497,18.0,55.0,73.0,86.5,138.0,31.0,45.03225806451613,18.85467912034524,10.0,31.5,41.0,58.0,95.0
서울,2017,01,31.0,82.90322580645162,49.236405798087844,24.0,46.0,85.0,104.5,276.0,31.0,48.38709677419355,27.728057293837274,14.0,24.5,49.0,66.0,106.0
서울,2017,02,28.0,71.57142857142857,23.349880753805387,37.0,49.0,71.0,89.5,119.0,28.0,44.035714285714285,19.878300364890993,21.0,27.5,37.5,59.0,90.0
서울,2017,03,31.0,88.16129032258064,27.244689726248854,40.0,67.0,82.0,108.5,142.0,31.0,61.32258064516129,25.540017093147753,28.0,40.5,56.0,79.0,124.0
서울,2017,04,30.0,79.1,30.21115345536228,26.0,57.5,80.0,97.0,134.0,30.0,37.166666666666664,17.77073016436614,12.0,24.5,32.5,42.75,89.0
서울,2017,05,31.0,90.06451612903226,64.66783614949603,31.0,53.0,69.0,95.5,287.0,31.0,33.935483870967744,12.596125022855158,12.0,26.0,33.0,43.5,66.0
서울,2017,06,30.0,58.833333333333336,18.796704284369188,30.0,44.5,55.5,73.0,94.0,30.0,31.6,12.538492457366964,11.0,22.0,33.0,41.0,59.0
서울,2017,07,31.0,44.516129032258064,19.675485538679744,16.0,32.0,39.0,55.5,100.0,31.0,30.0,12.717442090818944,12.0,21.0,26.0,37.5,67.0
서울,2017,08,31.0,31.741935483870968,13.781552263649365,11.0,20.0,30.0,42.0,62.0,31.0,18.516129032258064,8.816163064666835,7.0,11.5,15.0,25.0,43.0
서울,2017,09,30.0,44.36666666666667,18.378179215155342,19.0,32.0,39.0,57.5,84.0,30.0,23.966666666666665,15.541897397442943,7.0,14.0,18.5,27.5,68.0
서울,2017,10,31.0,43.29032258064516,23.141871932908533,8.0,27.5,40.0,56.5,109.0,31.0,22.35483870967742,11.32121426672591,5.0,13.5,21.0,28.5,50.0
서울,2017,11,30.0,66.9,28.433042943633076,30.0,46.0,62.5,73.0,159.0,30.0,37.2,15.616966900535257,18.0,25.25,33.5,44.5,81.0
서울,2017,12,31.0,69.51612903225806,30.36101773408563,32.0,47.5,60.0,83.5,143.0,31.0,43.67741935483871,25.547846741325962,11.0,26.5,36.0,49.5,117.0
서울,2018,01,31.0,77.19354838709677,35.322721068115825,25.0,56.0,68.0,100.5,159.0,31.0,45.096774193548384,25.642874044211812,12.0,27.0,41.0,54.5,114.0
서울,2018,02,28.0,88.75,36.44338582473328,35.0,63.25,77.0,118.0,184.0,28.0,49.214285714285715,29.141236078993632,15.0,22.75,38.5,70.5,117.0
서울,2018,03,31.0,87.96774193548387,44.10025235828607,14.0,54.0,84.0,118.5,186.0,31.0,49.16129032258065,33.48840274303285,10.0,20.0,47.0,67.5,136.0
서울,2018,04,30.0,84.4,34.55590173657152,15.0,62.0,89.5,102.5,164.0,30.0,39.63333333333333,19.494443652829215,8.0,29.25,36.5,50.5,85.0
서울,2018,05,31.0,69.51612903225806,33.1902304579143,19.0,49.5,67.0,86.5,170.0,31.0,35.483870967741936,17.467819874924167,11.0,20.5,37.0,40.5,69.0
서울,2018,06,30.0,69.8,24.083761878221942,31.0,49.25,67.0,83.0,124.0,30.0,44.0,20.48212004113125,10.0,31.0,43.5,50.75,94.0
서울,2018,07,31.0,45.935483870967744,13.436109267867113,22.0,37.0,44.0,54.5,73.0,31.0,28.096774193548388,11.894970474139276,11.0,17.0,27.0,40.0,56.0
서울,2018,08,31.0,45.74193548387097,12.04427316732032,25.0,38.5,43.0,56.5,76.0,31.0,24.64516129032258,8.467775729579262,13.0,19.0,22.0,30.5,46.0
서울,2018,09,30.0,43.766666666666666,16.281327009657485,16.0,32.25,42.5,53.75,81.0,30.0,21.0,11.688485344781522,10.0,13.25,17.0,22.5,55.0
서울,2018,10,31.0,56.87096774193548,23.307712508214774,19.0,39.5,53.0,74.5,109.0,31.0,29.548387096774192,15.24431852566155,9.0,18.0,24.0,41.5,73.0
서울,2018,11,30.0,95.06666666666666,39.65361516182728,23.0,68.5,98.0,121.75,203.0,30.0,51.96666666666667,23.592054964993284,15.0,35.75,47.5,70.25,102.0
서울,2018,12,31.0,79.74193548387096,26.109982435760063,39.0,61.0,72.0,105.5,129.0,31.0,44.193548387096776,22.521721892192154,17.0,25.0,40.0,54.5,104.0
세종,2016,05,24.0,44.083333333333336,19.183137220569225,10.0,29.25,43.0,58.75,84.0,24.0,27.666666666666668,12.139288234512751,6.0,20.5,25.0,35.5,56.0
세종,2016,06,30.0,37.53333333333333,12.09084388068618,16.0,29.25,35.0,44.5,70.0,30.0,23.466666666666665,9.474951854425338,7.0,16.25,22.5,32.0,40.0
세종,2016,07,31.0,28.483870967741936,13.14247812183059,10.0,18.5,26.0,34.0,64.0,31.0,20.774193548387096,12.325338879504436,2.0,12.0,20.0,22.5,63.0
세종,2016,08,30.0,33.166666666666664,11.80906528851906,10.0,24.0,34.5,42.0,56.0,30.0,22.7,11.806339617866909,4.0,11.0,25.5,31.0,42.0
세종,2016,09,30.0,36.0,17.79965129453093,8.0,23.25,36.5,49.5,74.0,30.0,21.7,12.849661205784697,4.0,12.25,19.0,32.0,51.0
세종,2016,10,30.0,40.733333333333334,19.053343146478817,12.0,26.25,37.0,52.0,88.0,30.0,17.333333333333332,9.455278888037874,3.0,12.0,16.0,20.0,49.0
세종,2016,11,29.0,66.24137931034483,31.96611506447524,19.0,49.0,60.0,73.0,162.0,29.0,33.55172413793103,15.596671363963143,4.0,25.0,32.0,46.0,67.0
세종,2016,12,31.0,62.516129032258064,25.09033142831708,15.0,45.0,63.0,76.5,120.0,31.0,35.29032258064516,13.503563846597677,7.0,28.0,34.0,46.5,66.0
세종,2017,01,31.0,70.48387096774194,26.64316168393175,22.0,51.5,61.0,91.0,126.0,31.0,40.83870967741935,20.111517055646747,7.0,24.0,42.0,56.5,82.0
세종,2017,02,27.0,63.48148148148148,26.265464851676313,35.0,43.5,60.0,71.5,147.0,27.0,36.666666666666664,20.961503175693657,11.0,25.5,30.0,43.5,104.0
세종,2017,03,29.0,66.89655172413794,23.17841487798848,33.0,48.0,70.0,78.0,117.0,29.0,47.93103448275862,20.042688432590854,15.0,32.0,49.0,63.0,90.0
세종,2017,04,30.0,61.53333333333333,29.77702578109198,17.0,46.0,54.5,70.0,170.0,30.0,28.866666666666667,16.537800657122233,7.0,17.0,24.0,35.5,65.0
세종,2017,05,29.0,70.20689655172414,59.66356827503988,13.0,39.0,55.0,66.0,297.0,29.0,22.06896551724138,12.406596846847126,3.0,15.0,18.0,25.0,59.0
세종,2017,06,30.0,45.7,9.559793678339181,28.0,39.25,45.0,53.5,60.0,30.0,21.533333333333335,11.07881897519124,4.0,14.25,21.0,26.75,50.0
세종,2017,07,31.0,32.064516129032256,13.571871607288774,9.0,24.5,29.0,40.5,66.0,31.0,18.35483870967742,11.382877161470129,1.0,8.5,16.0,30.5,37.0
세종,2017,08,30.0,27.533333333333335,11.476312435901908,11.0,21.0,24.0,35.25,60.0,30.0,12.133333333333333,7.161840128276288,2.0,8.0,11.0,14.75,35.0
세종,2017,09,30.0,38.36666666666667,18.958181444383342,17.0,21.25,37.0,46.75,102.0,30.0,19.566666666666666,11.631358723172733,6.0,11.0,15.0,26.0,47.0
세종,2017,10,31.0,42.38709677419355,19.554500623223696,9.0,33.0,41.0,48.5,91.0,31.0,20.129032258064516,10.19065563963337,6.0,11.5,19.0,25.5,46.0
세종,2017,11,30.0,63.266666666666666,29.70537317392762,25.0,45.75,59.5,71.5,191.0,30.0,27.7,12.977832559061412,7.0,20.0,28.0,33.75,58.0
세종,2017,12,31.0,58.67741935483871,23.398557073423984,25.0,43.5,54.0,73.0,121.0,31.0,27.419354838709676,15.187218734950312,6.0,19.0,25.0,32.0,80.0
세종,2018,01,31.0,65.93548387096774,23.813071317900132,36.0,47.0,64.0,84.5,113.0,31.0,38.58064516129032,19.74634851231722,8.0,23.0,31.0,57.5,84.0
세종,2018,02,28.0,64.67857142857143,22.17949264928966,34.0,49.0,62.5,76.25,116.0,28.0,37.035714285714285,19.251709193687372,8.0,23.25,32.5,46.25,80.0
세종,2018,03,31.0,55.32258064516129,28.16899844009864,9.0,32.0,55.0,74.0,111.0,31.0,34.83870967741935,22.599552759871965,4.0,13.5,36.0,53.5,88.0
세종,2018,04,30.0,60.733333333333334,30.43697086443227,9.0,44.5,53.5,76.0,131.0,30.0,29.266666666666666,12.846395800280764,3.0,22.25,30.5,39.75,50.0
세종,2018,05,31.0,48.12903225806452,35.051145426346984,12.0,26.5,34.0,57.5,163.0,31.0,20.06451612903226,14.465903552540293,3.0,9.5,18.0,29.0,59.0
세종,2018,06,30.0,40.03333333333333,15.435032552121731,15.0,29.0,40.5,48.5,78.0,30.0,22.333333333333332,9.28971746474093,6.0,15.0,24.0,28.0,41.0
세종,2018,07,31.0,33.903225806451616,20.83643417783647,7.0,18.5,30.0,44.5,86.0,31.0,17.903225806451612,16.69202372134603,2.0,5.5,13.0,25.5,74.0
세종,2018,08,31.0,25.903225806451612,11.945305462006619,7.0,19.5,24.0,31.5,62.0,31.0,14.96774193548387,9.396750753913972,1.0,8.5,14.0,22.5,37.0
세종,2018,09,30.0,27.5,11.02895874661261,9.0,20.25,26.0,35.0,52.0,30.0,13.4,5.8463074110781745,4.0,9.0,13.0,17.0,25.0
세종,2018,10,31.0,42.225806451612904,16.586560176679903,10.0,31.0,41.0,50.0,78.0,31.0,20.387096774193548,9.390340495618672,4.0,12.5,19.0,26.5,40.0
세종,2018,11,30.0,84.76666666666667,42.95120192877537,21.0,56.0,82.5,93.0,241.0,30.0,41.36666666666667,16.436887307754354,11.0,28.5,39.5,51.5,94.0
세종,2018,12,31.0,72.38709677419355,31.333344772361215,18.0,46.0,74.0,88.0,142.0,31.0,44.483870967741936,23.090937569736365,8.0,26.0,44.0,55.5,94.0
울산,2016,01,31.0,75.70967741935483,34.46659595259067,17.0,52.5,69.0,87.5,189.0,31.0,39.903225806451616,25.68833047476315,10.0,21.5,29.0,56.5,111.0
울산,2016,02,29.0,60.93103448275862,23.18856096453403,23.0,42.0,55.0,76.0,116.0,29.0,28.96551724137931,16.85332260293562,7.0,18.0,27.0,33.0,75.0
울산,2016,03,31.0,80.93548387096774,31.969710126796553,34.0,57.5,77.0,95.0,172.0,31.0,41.064516129032256,19.876175829152796,12.0,26.0,42.0,51.0,96.0
울산,2016,04,30.0,85.96666666666667,57.050783991308904,23.0,50.5,68.5,104.0,271.0,30.0,37.9,23.869400408516107,12.0,22.25,31.0,43.0,128.0
울산,2016,05,31.0,88.83870967741936,56.69455986494268,41.0,54.5,71.0,98.5,303.0,31.0,40.516129032258064,20.39586717571632,11.0,23.5,40.0,51.5,85.0
울산,2016,06,30.0,64.73333333333333,31.922247493832128,26.0,44.25,57.0,67.75,168.0,30.0,35.43333333333333,20.169426048513053,9.0,24.25,30.0,41.5,82.0
울산,2016,07,31.0,54.41935483870968,18.200319033006696,31.0,39.0,51.0,71.0,101.0,31.0,29.774193548387096,13.355921726383782,10.0,20.5,26.0,39.5,56.0
울산,2016,08,31.0,51.29032258064516,24.05021628230828,20.0,34.5,47.0,57.5,127.0,31.0,22.225806451612904,16.722658635155984,5.0,10.5,14.0,31.5,66.0
울산,2016,09,30.0,51.233333333333334,18.457188737506968,19.0,37.0,50.5,60.75,95.0,30.0,27.766666666666666,11.562971021782191,11.0,18.25,27.5,36.0,57.0
울산,2016,10,31.0,56.83870967741935,22.44117758971002,22.0,40.5,51.0,67.5,119.0,31.0,27.806451612903224,15.490683984982093,9.0,17.0,22.0,34.0,63.0
울산,2016,11,30.0,70.76666666666667,24.141370034164108,39.0,49.25,70.0,84.5,136.0,30.0,36.266666666666666,14.922635741425319,10.0,26.25,34.5,47.5,61.0
울산,2016,12,31.0,70.96774193548387,23.615649995949354,45.0,55.5,64.0,76.5,131.0,31.0,38.87096774193548,17.52663104247147,14.0,27.0,36.0,45.5,80.0
울산,2017,01,31.0,68.0,26.848960252990555,28.0,51.0,61.0,79.5,131.0,31.0,38.61290322580645,22.896400618663243,11.0,21.5,34.0,48.0,102.0
울산,2017,02,28.0,67.14285714285714,22.02980184459609,31.0,50.0,65.5,77.5,117.0,28.0,35.035714285714285,14.37457153720788,10.0,24.25,35.0,46.25,63.0
울산,2017,03,31.0,80.29032258064517,25.64916314214702,39.0,59.5,82.0,99.0,136.0,31.0,46.83870967741935,20.672198357848558,15.0,30.5,44.0,62.5,90.0
울산,2017,04,30.0,81.7,33.376793507279665,18.0,59.5,79.0,99.5,163.0,30.0,34.833333333333336,13.426898718445829,6.0,27.0,32.5,40.5,69.0
울산,2017,05,31.0,118.35483870967742,54.57749743077682,49.0,74.0,105.0,146.0,266.0,31.0,43.87096774193548,20.87221747600363,16.0,26.0,41.0,58.0,86.0
울산,2017,06,30.0,83.06666666666666,37.90180901272104,38.0,53.0,75.5,106.5,187.0,30.0,41.2,25.31647957222794,11.0,19.25,34.5,59.75,116.0
울산,2017,07,31.0,69.38709677419355,26.939039106044394,38.0,50.0,60.0,83.0,147.0,31.0,39.45161290322581,21.515635724866723,16.0,21.0,30.0,58.0,88.0
울산,2017,08,31.0,49.0,13.579396157414365,15.0,44.5,50.0,57.5,74.0,31.0,22.032258064516128,8.491108569037543,8.0,17.5,21.0,25.0,48.0
울산,2017,09,30.0,60.1,24.707042134470136,19.0,46.0,55.5,75.25,118.0,30.0,28.0,18.649211872041025,9.0,15.25,19.0,37.0,76.0
울산,2017,10,31.0,51.12903225806452,13.400850558786361,29.0,41.0,50.0,60.5,78.0,31.0,23.387096774193548,10.01225056070425,11.0,16.5,20.0,27.0,55.0
울산,2017,11,30.0,69.23333333333333,23.688616986068304,24.0,54.5,66.5,80.75,128.0,30.0,36.733333333333334,17.004935051094844,11.0,23.25,33.0,48.0,81.0
울산,2017,12,31.0,68.0,28.9159702125544,28.0,48.0,64.0,79.0,146.0,31.0,39.806451612903224,25.307995251617896,10.0,19.5,34.0,52.5,104.0
울산,2018,01,31.0,68.51612903225806,33.8948088136831,25.0,45.0,58.0,86.0,172.0,31.0,35.354838709677416,22.81892253824557,10.0,17.5,27.0,49.0,93.0
울산,2018,02,28.0,77.53571428571429,29.344041155279744,22.0,56.75,74.0,102.25,122.0,28.0,42.07142857142857,21.76801692498793,12.0,24.5,37.0,59.5,85.0
울산,2018,03,31.0,70.74193548387096,39.43515161370245,14.0,44.0,66.0,92.0,166.0,31.0,41.516129032258064,24.30757216416582,6.0,21.5,39.0,61.5,86.0
울산,2018,04,30.0,94.2,53.11042497833463,13.0,62.0,85.5,125.0,269.0,30.0,43.1,25.715083457795338,3.0,25.0,39.5,55.75,101.0
울산,2018,05,31.0,81.51612903225806,45.114573379150954,20.0,41.0,70.0,121.0,182.0,31.0,46.38709677419355,31.978823638312942,9.0,19.0,39.0,67.0,118.0
울산,2018,06,30.0,68.8,38.8439850223145,16.0,44.0,59.5,88.5,184.0,30.0,45.0,27.280155728142834,11.0,23.25,39.5,60.0,127.0
울산,2018,07,31.0,75.03225806451613,50.494543514435136,17.0,35.0,73.0,104.5,201.0,31.0,44.96774193548387,31.46689675512743,12.0,18.5,35.0,68.5,108.0
울산,2018,08,31.0,48.25806451612903,19.56010862603696,22.0,35.0,46.0,52.5,128.0,31.0,26.70967741935484,11.919713498757977,12.0,19.5,26.0,31.0,74.0
울산,2018,09,30.0,44.233333333333334,27.155596785591165,17.0,28.25,39.0,46.75,157.0,30.0,26.3,17.356604625845776,11.0,16.25,18.5,31.25,87.0
울산,2018,10,31.0,52.225806451612904,22.339366862737112,20.0,37.0,46.0,63.5,118.0,31.0,28.612903225806452,14.923532690250967,12.0,19.0,23.0,32.0,83.0
울산,2018,11,30.0,81.13333333333334,44.97488443437134,32.0,55.75,75.0,89.75,252.0,30.0,48.43333333333333,18.55408372807738,16.0,38.0,48.0,60.25,105.0
울산,2018,12,31.0,63.25806451612903,32.4550640547157,26.0,41.0,49.0,74.5,150.0,31.0,33.74193548387097,21.19900586023707,8.0,20.0,26.0,48.5,87.0
인천,2016,01,31.0,79.09677419354838,28.108545365789478,36.0,56.5,74.0,96.0,160.0,31.0,47.225806451612904,22.70933681318377,19.0,29.5,44.0,54.0,113.0
인천,2016,02,29.0,83.48275862068965,28.128049916733058,40.0,68.0,73.0,95.0,156.0,29.0,49.793103448275865,22.6264373029567,18.0,34.0,46.0,60.0,105.0
인천,2016,03,31.0,119.96774193548387,81.55263489345097,42.0,81.0,108.0,136.5,520.0,31.0,64.16129032258064,26.567018116696936,23.0,41.5,64.0,84.5,118.0
인천,2016,04,30.0,110.3,47.72272645909551,47.0,81.75,97.5,137.75,276.0,30.0,52.96666666666667,25.46462500090629,20.0,32.0,47.0,65.5,115.0
인천,2016,05,31.0,85.12903225806451,29.886163950880764,38.0,60.0,80.0,111.0,140.0,31.0,44.774193548387096,21.996529540542458,13.0,28.5,40.0,64.5,86.0
인천,2016,06,30.0,75.66666666666667,21.526780968146973,47.0,56.0,73.5,94.75,117.0,30.0,42.9,18.7733303128263,17.0,32.25,37.0,52.5,86.0
인천,2016,07,31.0,56.38709677419355,19.63954754970158,29.0,43.0,54.0,59.5,103.0,31.0,33.70967741935484,15.301837685687945,8.0,23.5,37.0,43.5,56.0
인천,2016,08,31.0,60.25806451612903,19.6553092775387,30.0,50.5,57.0,70.5,119.0,31.0,33.483870967741936,16.120113663250923,10.0,22.5,32.0,42.0,75.0
인천,2016,09,30.0,72.06666666666666,32.074195593787,31.0,48.25,64.5,93.75,154.0,30.0,40.766666666666666,17.61598673097102,11.0,26.25,41.0,55.0,74.0
인천,2016,10,31.0,68.83870967741936,23.931982470038637,35.0,51.0,66.0,78.5,139.0,31.0,37.193548387096776,19.36219573436634,10.0,22.0,35.0,45.5,102.0
인천,2016,11,30.0,94.26666666666667,29.14285070349908,45.0,85.0,92.5,103.0,213.0,30.0,49.333333333333336,18.879533405494833,20.0,35.25,49.5,58.0,93.0
인천,2016,12,31.0,79.48387096774194,26.09453450787723,35.0,63.0,73.0,92.5,159.0,31.0,51.67741935483871,23.78849455342392,23.0,36.0,49.0,61.5,140.0
인천,2017,01,31.0,102.25806451612904,50.3302213664484,42.0,65.5,86.0,134.5,248.0,31.0,59.064516129032256,37.29247956703958,16.0,26.0,50.0,82.0,140.0
인천,2017,02,28.0,84.35714285714286,25.58242204054021,46.0,60.75,87.0,108.0,127.0,28.0,47.42857142857143,21.63746505901036,22.0,30.75,41.0,58.5,105.0
인천,2017,03,31.0,107.74193548387096,36.57318484166187,43.0,83.5,104.0,136.5,182.0,31.0,66.45161290322581,28.24162260408966,24.0,40.0,59.0,92.5,127.0
인천,2017,04,30.0,89.2,30.895150830309703,41.0,66.25,86.0,109.5,164.0,30.0,45.4,18.991104995905772,19.0,29.0,44.0,58.0,98.0
인천,2017,05,31.0,97.48387096774194,58.316876326807225,42.0,65.5,75.0,125.0,284.0,31.0,48.87096774193548,24.57470506501061,14.0,34.5,43.0,57.0,118.0
인천,2017,06,30.0,64.0,16.339079449019742,39.0,51.25,62.0,74.75,99.0,30.0,39.53333333333333,16.845614047688443,12.0,25.25,36.0,54.75,74.0
인천,2017,07,31.0,57.225806451612904,18.32977482571159,24.0,44.5,53.0,66.5,106.0,31.0,36.29032258064516,14.41571722897638,17.0,26.0,33.0,45.0,76.0
인천,2017,08,31.0,57.70967741935484,18.3923780379937,25.0,45.5,57.0,65.5,101.0,31.0,26.06451612903226,15.459485726398896,9.0,13.5,23.0,32.0,79.0
인천,2017,09,30.0,67.93333333333334,26.57187174092356,32.0,47.0,66.5,80.5,152.0,30.0,36.266666666666666,18.662027338095292,10.0,21.75,35.0,42.0,83.0
인천,2017,10,31.0,66.7741935483871,24.91279413931639,23.0,51.5,68.0,82.5,124.0,31.0,32.38709677419355,14.153156112930759,10.0,19.5,31.0,45.0,60.0
인천,2017,11,30.0,81.73333333333333,42.36128138901773,42.0,58.75,69.5,79.0,245.0,30.0,48.8,22.89767342495438,20.0,34.0,43.0,54.25,114.0
인천,2017,12,31.0,76.80645161290323,33.41398844280512,38.0,51.0,66.0,104.5,168.0,31.0,47.064516129032256,28.029669380700835,10.0,25.5,35.0,60.5,117.0
인천,2018,01,31.0,87.48387096774194,56.40796100300142,24.0,54.5,74.0,93.0,299.0,31.0,56.67741935483871,44.44801240158678,14.0,30.5,40.0,75.5,219.0
인천,2018,02,28.0,93.17857142857143,44.78843565312332,35.0,62.5,78.5,116.0,198.0,28.0,56.285714285714285,35.57866312611072,12.0,26.75,52.0,77.25,132.0
인천,2018,03,31.0,86.90322580645162,34.995575757238875,21.0,60.0,81.0,120.0,163.0,31.0,56.064516129032256,31.737396956766915,14.0,32.5,54.0,75.5,140.0
인천,2018,04,30.0,87.46666666666667,41.67007802127145,30.0,63.75,87.5,101.5,221.0,30.0,41.03333333333333,20.871500670289258,8.0,27.25,41.5,55.0,94.0
인천,2018,05,31.0,68.90322580645162,29.922516425717138,29.0,46.0,61.0,88.0,152.0,31.0,34.064516129032256,18.189622469732512,11.0,22.0,28.0,46.0,76.0
인천,2018,06,30.0,58.833333333333336,21.62387463020882,25.0,42.25,55.5,75.5,108.0,30.0,37.7,16.92203215969622,11.0,26.0,36.5,47.25,68.0
인천,2018,07,31.0,46.29032258064516,20.473061240545828,22.0,27.5,43.0,56.0,94.0,31.0,27.516129032258064,14.113518266168162,8.0,15.5,25.0,39.5,52.0
인천,2018,08,31.0,44.58064516129032,12.526702661510429,27.0,34.5,45.0,52.5,76.0,31.0,21.806451612903224,8.431762784608802,11.0,16.0,18.0,27.5,47.0
인천,2018,09,30.0,58.86666666666667,17.439023488426322,32.0,46.25,57.5,64.75,104.0,30.0,21.0,5.477225575051661,13.0,17.0,19.5,23.75,36.0
인천,2018,10,31.0,72.96774193548387,28.35546257891971,30.0,51.5,75.0,85.5,162.0,31.0,29.29032258064516,11.440260918898359,13.0,21.0,24.0,35.0,55.0
인천,2018,11,30.0,99.23333333333333,34.8679116720204,36.0,72.25,106.0,126.25,174.0,30.0,54.333333333333336,21.93616653608489,18.0,36.0,53.5,66.75,102.0
인천,2018,12,31.0,80.96774193548387,28.93496601111735,41.0,60.0,75.0,104.0,138.0,31.0,41.903225806451616,21.194896930959075,17.0,23.0,38.0,56.0,94.0
전남,2016,01,31.0,67.19354838709677,36.63733920000079,32.0,39.0,51.0,94.0,186.0,31.0,44.70967741935484,24.859865309888676,15.0,25.5,38.0,60.5,117.0
전남,2016,02,29.0,69.27586206896552,33.9725693461695,32.0,48.0,57.0,82.0,158.0,29.0,44.6551724137931,28.84970396241895,13.0,27.0,37.0,51.0,124.0
전남,2016,03,31.0,79.3225806451613,27.742130531947492,22.0,61.0,84.0,91.5,143.0,31.0,51.774193548387096,21.976820633596898,19.0,34.0,47.0,68.5,98.0
전남,2016,04,30.0,82.23333333333333,62.154803034277926,15.0,40.75,59.5,123.25,284.0,30.0,44.8,24.405200124224518,14.0,29.0,39.0,57.0,105.0
전남,2016,05,31.0,67.93548387096774,39.7642515197348,23.0,43.0,69.0,79.0,245.0,31.0,41.58064516129032,15.628551209348416,15.0,30.5,38.0,52.0,75.0
전남,2016,06,30.0,53.6,17.47628935601526,26.0,41.0,51.5,66.75,97.0,30.0,38.93333333333333,14.051465338565924,15.0,27.5,38.0,47.5,72.0
전남,2016,07,31.0,48.67741935483871,14.471551625572598,24.0,39.5,49.0,54.5,82.0,31.0,33.12903225806452,10.788085821818656,16.0,25.0,32.0,41.5,57.0
전남,2016,08,31.0,52.483870967741936,18.521826705703976,22.0,38.5,48.0,67.5,88.0,31.0,36.38709677419355,15.77482682283145,13.0,24.0,34.0,47.5,68.0
전남,2016,09,30.0,46.06666666666667,16.95619779544226,15.0,38.0,46.0,58.75,83.0,30.0,31.066666666666666,13.783881974931829,8.0,22.25,30.0,40.75,58.0
전남,2016,10,31.0,44.38709677419355,17.82073215734011,17.0,31.5,41.0,54.5,82.0,31.0,27.838709677419356,14.669916550986347,9.0,18.5,21.0,34.5,62.0
전남,2016,11,30.0,59.1,21.730877443922015,21.0,42.5,57.0,67.0,105.0,30.0,35.0,13.154257210447906,13.0,29.0,34.0,45.0,69.0
전남,2016,12,31.0,64.90322580645162,26.759864023956567,31.0,46.0,57.0,79.0,123.0,31.0,42.25806451612903,22.012069025779898,13.0,24.5,32.0,54.0,91.0
전남,2017,01,31.0,63.16129032258065,30.236949553147223,21.0,43.0,52.0,79.0,141.0,31.0,38.96774193548387,22.28674325089206,10.0,22.5,30.0,51.5,92.0
전남,2017,02,28.0,65.10714285714286,27.21020952961411,30.0,44.0,60.5,77.75,135.0,28.0,42.07142857142857,24.938336651040597,16.0,22.75,33.5,58.0,98.0
전남,2017,03,31.0,66.25806451612904,19.510625723667403,31.0,52.5,66.0,83.5,97.0,31.0,41.516129032258064,15.141270241169632,17.0,31.5,42.0,51.5,67.0
전남,2017,04,30.0,75.53333333333333,29.667971041969256,33.0,51.75,74.5,90.5,143.0,30.0,39.9,19.58069069966282,14.0,25.0,33.0,50.5,89.0
전남,2017,05,31.0,82.35483870967742,58.43945492963737,29.0,54.5,62.0,86.0,310.0,31.0,36.064516129032256,13.747570655382399,13.0,26.0,36.0,44.5,62.0
전남,2017,06,30.0,60.36666666666667,18.867017989499345,25.0,47.0,62.0,71.25,95.0,30.0,32.666666666666664,9.646630047035483,12.0,28.0,31.0,38.0,50.0
전남,2017,07,31.0,50.354838709677416,15.839925056844542,24.0,39.0,50.0,63.0,82.0,31.0,30.516129032258064,12.49498824260334,12.0,22.0,30.0,40.5,57.0
전남,2017,08,31.0,37.806451612903224,8.863480711468867,17.0,31.0,36.0,44.5,57.0,31.0,22.838709677419356,7.16052500027546,9.0,17.0,22.0,28.0,35.0
전남,2017,09,30.0,47.46666666666667,21.72037551801714,24.0,33.25,38.5,58.25,100.0,30.0,29.033333333333335,15.953560478903228,11.0,17.5,24.5,40.0,71.0
전남,2017,10,31.0,43.03225806451613,16.133782096309062,23.0,31.5,36.0,52.5,90.0,31.0,24.548387096774192,11.609877144562208,11.0,16.0,20.0,33.5,47.0
전남,2017,11,30.0,68.93333333333334,24.455354583732618,25.0,52.75,67.5,83.75,128.0,30.0,40.63333333333333,17.874048483636894,10.0,27.25,39.0,55.25,74.0
전남,2017,12,31.0,65.6774193548387,32.33923014624209,31.0,43.5,62.0,79.0,188.0,31.0,42.064516129032256,27.68264857736818,12.0,21.0,39.0,51.0,139.0
전남,2018,01,31.0,63.064516129032256,33.12293815859434,29.0,42.5,50.0,69.5,175.0,31.0,40.903225806451616,24.718892691906294,15.0,24.0,36.0,50.5,131.0
전남,2018,02,28.0,72.21428571428571,29.56393842211242,37.0,52.0,60.0,95.0,146.0,28.0,47.142857142857146,22.843613720921823,16.0,27.0,43.0,62.5,92.0
전남,2018,03,31.0,66.51612903225806,32.1111309545895,18.0,37.0,65.0,89.0,137.0,31.0,47.516129032258064,25.330970461396245,8.0,23.0,50.0,61.0,108.0
전남,2018,04,30.0,83.23333333333333,56.17686561107746,18.0,53.5,78.0,105.5,307.0,30.0,38.766666666666666,19.397268441419936,7.0,22.25,38.0,49.75,86.0
전남,2018,05,31.0,60.83870967741935,28.995513186461046,17.0,41.0,53.0,83.0,128.0,31.0,37.70967741935484,19.171495417915104,7.0,24.5,38.0,47.5,97.0
전남,2018,06,30.0,59.166666666666664,26.666630747102246,18.0,42.75,52.5,72.0,124.0,30.0,39.96666666666667,17.487894006472285,6.0,27.0,37.5,52.75,84.0
전남,2018,07,31.0,49.225806451612904,20.465759497950643,20.0,35.0,46.0,64.0,105.0,31.0,31.129032258064516,14.05641475266452,11.0,20.5,29.0,39.0,64.0
전남,2018,08,31.0,40.12903225806452,11.957541373498346,19.0,33.0,40.0,47.5,80.0,31.0,23.29032258064516,9.630484752032983,9.0,14.5,24.0,27.0,53.0
전남,2018,09,30.0,39.13333333333333,14.13904677402833,18.0,30.25,37.0,44.5,68.0,30.0,22.666666666666668,11.222923994597208,9.0,14.25,18.0,33.5,46.0
전남,2018,10,31.0,54.225806451612904,21.201744704024332,23.0,40.5,50.0,61.0,117.0,31.0,31.580645161290324,17.346996269380256,7.0,17.0,30.0,40.5,85.0
전남,2018,11,30.0,84.16666666666667,51.21966441698447,37.0,57.0,76.0,84.75,256.0,30.0,50.733333333333334,19.152623541064735,15.0,40.25,46.0,63.75,104.0
전남,2018,12,31.0,62.483870967741936,40.99013781203306,15.0,35.5,53.0,68.5,182.0,31.0,37.96774193548387,28.162012085985314,9.0,18.5,29.0,47.0,125.0
전북,2016,01,31.0,71.70967741935483,32.29364596778247,27.0,47.0,69.0,90.0,166.0,31.0,55.935483870967744,27.74639374029349,22.0,34.0,50.0,75.0,133.0
전북,2016,02,29.0,66.3103448275862,28.814807017370008,14.0,47.0,64.0,80.0,134.0,29.0,44.206896551724135,23.490696198320165,11.0,25.0,42.0,60.0,105.0
전북,2016,03,31.0,84.70967741935483,29.338477066118138,36.0,60.5,81.0,112.5,131.0,31.0,56.38709677419355,23.448777394361578,18.0,37.5,55.0,77.5,99.0
전북,2016,04,30.0,94.8,70.11635649601212,12.0,49.25,69.5,128.75,328.0,30.0,46.5,24.246933684559956,7.0,30.5,36.0,63.0,94.0
전북,2016,05,31.0,78.16129032258064,61.80620075375046,9.0,46.5,68.0,96.0,356.0,31.0,44.935483870967744,26.22967210860119,1.0,26.0,39.0,61.0,108.0
전북,2016,06,30.0,61.93333333333333,19.625692754447012,15.0,47.0,65.5,74.75,104.0,30.0,44.63333333333333,18.404428502557398,8.0,33.0,44.0,62.25,76.0
전북,2016,07,31.0,41.645161290322584,16.946087822064367,15.0,33.0,40.0,47.0,92.0,31.0,25.741935483870968,13.730665781224847,7.0,17.5,25.0,30.0,64.0
전북,2016,08,31.0,55.74193548387097,12.93823208411279,31.0,49.5,58.0,62.5,88.0,31.0,33.903225806451616,7.734575354470245,21.0,27.5,34.0,39.5,48.0
전북,2016,09,30.0,58.166666666666664,21.56958799877229,20.0,44.25,64.0,72.5,100.0,30.0,42.46666666666667,18.104549501262888,11.0,29.25,43.0,54.75,75.0
전북,2016,10,31.0,57.83870967741935,23.544421524986262,17.0,39.0,56.0,71.0,123.0,31.0,32.67741935483871,17.807090529288594,9.0,19.5,29.0,42.0,89.0
전북,2016,11,30.0,86.86666666666666,29.592325814751987,44.0,70.25,82.0,94.0,185.0,30.0,53.03333333333333,20.76051180907428,23.0,40.0,53.0,61.75,108.0
전북,2016,12,31.0,93.54838709677419,32.76058476246257,46.0,72.0,83.0,114.5,179.0,31.0,62.03225806451613,23.58457669886225,17.0,48.5,61.0,76.0,117.0
전북,2017,01,31.0,101.7741935483871,37.02495525760912,49.0,78.5,90.0,122.5,186.0,31.0,71.41935483870968,36.04328341827215,22.0,48.0,63.0,93.5,172.0
전북,2017,02,28.0,94.32142857142857,33.10259424926914,51.0,71.0,85.5,112.5,176.0,28.0,62.5,31.270030617426883,25.0,36.0,53.5,86.25,138.0
전북,2017,03,31.0,111.64516129032258,36.5080341724912,49.0,83.0,112.0,134.5,180.0,31.0,81.09677419354838,34.403831994619125,28.0,65.0,77.0,99.0,152.0
전북,2017,04,30.0,94.63333333333334,36.60175550089267,44.0,74.0,83.0,116.0,227.0,30.0,51.3,22.59256820131422,24.0,32.0,47.5,62.0,104.0
전북,2017,05,31.0,99.38709677419355,75.15702558393099,42.0,59.5,69.0,93.0,323.0,31.0,45.03225806451613,21.30646829950589,10.0,32.0,43.0,55.0,102.0
전북,2017,06,30.0,67.4,17.241889647619534,35.0,60.25,66.5,73.25,134.0,30.0,43.166666666666664,16.218515033290114,12.0,32.25,42.0,51.75,96.0
전북,2017,07,31.0,45.645161290322584,16.851406246159943,20.0,32.0,45.0,57.0,86.0,31.0,27.580645161290324,13.65716952995358,10.0,15.0,27.0,36.5,57.0
전북,2017,08,31.0,37.903225806451616,14.749813193641193,12.0,29.0,35.0,45.5,70.0,31.0,23.129032258064516,10.788085821818658,8.0,15.5,20.0,29.5,44.0
전북,2017,09,30.0,55.8,22.705612248653566,14.0,40.75,49.0,70.75,108.0,30.0,37.233333333333334,19.148572168492198,12.0,23.5,32.0,50.0,83.0
전북,2017,10,31.0,59.225806451612904,26.23065595496912,21.0,40.5,52.0,75.5,121.0,31.0,38.74193548387097,22.001466226800254,12.0,24.0,27.0,54.0,93.0
전북,2017,11,30.0,86.3,35.38765613736733,41.0,64.25,75.5,111.5,197.0,30.0,56.96666666666667,26.467264534779993,16.0,42.25,53.0,72.0,122.0
전북,2017,12,31.0,69.35483870967742,26.221553967549642,34.0,52.0,61.0,81.5,151.0,31.0,50.16129032258065,24.602299044592762,16.0,34.5,44.0,63.5,117.0
전북,2018,01,31.0,85.58064516129032,32.21156541114634,45.0,60.0,78.0,104.5,171.0,31.0,59.16129032258065,30.822174673648572,17.0,34.0,49.0,77.0,141.0
전북,2018,02,28.0,95.89285714285714,28.687769087855113,58.0,66.5,101.5,115.0,157.0,28.0,61.392857142857146,26.296513338399325,24.0,35.75,60.5,80.75,113.0
전북,2018,03,31.0,83.2258064516129,35.372974314127966,29.0,51.5,88.0,105.0,153.0,31.0,55.354838709677416,32.04949129819565,11.0,27.5,57.0,75.0,145.0
전북,2018,04,30.0,90.9,44.52844886834359,23.0,58.0,84.0,116.0,207.0,30.0,44.266666666666666,23.342920854575773,10.0,27.0,38.0,51.75,102.0
전북,2018,05,31.0,61.41935483870968,33.625163388498585,24.0,39.5,49.0,76.0,165.0,31.0,31.70967741935484,16.721629801721075,13.0,20.0,25.0,45.0,73.0
전북,2018,06,30.0,70.26666666666667,29.038539591535855,17.0,50.75,69.5,85.75,134.0,30.0,44.4,22.259596922954685,13.0,23.0,40.5,60.25,92.0
전북,2018,07,31.0,45.516129032258064,22.709573557924767,15.0,28.5,41.0,59.0,112.0,31.0,24.0,14.635573101180562,7.0,13.5,18.0,33.0,57.0
전북,2018,08,31.0,37.483870967741936,12.6171073487334,15.0,29.5,35.0,44.5,78.0,31.0,20.387096774193548,8.856927305240943,6.0,13.5,19.0,26.5,39.0
전북,2018,09,30.0,42.13333333333333,18.56346677887982,13.0,27.75,37.5,50.5,86.0,30.0,27.2,10.219656516260455,12.0,21.0,25.0,32.5,53.0
전북,2018,10,31.0,57.45161290322581,29.550903776001412,13.0,39.5,51.0,70.5,157.0,31.0,34.0,17.410724664221572,10.0,23.0,31.0,40.0,83.0
전북,2018,11,30.0,97.1,47.100296506863764,33.0,70.5,91.0,101.5,262.0,30.0,61.333333333333336,22.310247117340086,23.0,48.0,61.5,70.5,137.0
전북,2018,12,31.0,74.03225806451613,31.773661913570013,21.0,52.0,66.0,97.0,163.0,31.0,50.645161290322584,22.929672751112655,13.0,32.5,48.0,62.0,102.0
제주,2016,01,31.0,58.29032258064516,34.512986491451876,16.0,38.5,48.0,68.5,204.0,31.0,37.935483870967744,28.39006338359834,4.0,21.5,35.0,42.5,163.0
제주,2016,02,29.0,63.41379310344828,36.56453906780966,26.0,37.0,59.0,72.0,170.0,29.0,33.689655172413794,22.251971739722723,7.0,18.0,26.0,45.0,101.0
제주,2016,03,31.0,67.58064516129032,25.299241350349337,32.0,53.0,65.0,78.0,135.0,31.0,37.516129032258064,18.195001085906235,13.0,25.0,35.0,47.0,108.0
제주,2016,04,30.0,75.46666666666667,36.35432273621935,10.0,52.0,78.5,101.5,154.0,30.0,36.86666666666667,21.726724896142162,4.0,25.25,33.0,41.0,101.0
제주,2016,05,31.0,70.93548387096774,38.94006975158191,9.0,40.0,68.0,90.0,182.0,31.0,35.54838709677419,18.634803835256612,7.0,23.5,33.0,40.5,95.0
제주,2016,06,29.0,47.10344827586207,20.203155389313054,15.0,32.0,48.0,62.0,95.0,29.0,30.96551724137931,16.43272596858539,6.0,18.0,29.0,40.0,69.0
제주,2016,07,31.0,36.12903225806452,16.911025861813492,11.0,26.0,34.0,41.0,94.0,31.0,16.870967741935484,9.841212443880652,7.0,10.0,14.0,21.5,51.0
제주,2016,08,31.0,43.0,11.696153213770756,6.0,38.0,44.0,49.0,62.0,31.0,20.64516129032258,6.725812898065552,2.0,17.0,20.0,25.0,37.0
제주,2016,09,30.0,42.3,18.373800688048675,8.0,31.0,39.5,51.75,87.0,30.0,24.9,11.002664254154771,7.0,17.0,21.5,34.75,44.0
제주,2016,10,30.0,48.766666666666666,17.91490100896233,26.0,38.5,42.0,57.5,94.0,30.0,21.466666666666665,9.81460324117125,8.0,15.0,18.5,22.0,45.0
제주,2016,11,30.0,53.266666666666666,21.715929848740124,25.0,35.0,50.0,66.25,110.0,30.0,25.566666666666666,12.667316982701186,6.0,16.25,26.0,35.25,59.0
제주,2016,12,31.0,52.03225806451613,31.37035104571166,13.0,39.0,46.0,52.5,167.0,31.0,27.806451612903224,20.359141034334282,5.0,17.0,22.0,30.0,108.0
제주,2017,01,31.0,54.16129032258065,31.545836253715592,15.0,35.0,48.0,63.5,150.0,31.0,31.612903225806452,24.042569773015586,7.0,14.5,25.0,35.5,106.0
제주,2017,02,28.0,54.035714285714285,24.74085261990355,20.0,34.0,47.5,73.5,104.0,28.0,28.142857142857142,16.40396132310568,10.0,16.75,22.0,34.5,63.0
제주,2017,03,31.0,62.225806451612904,19.74117469895405,24.0,47.0,62.0,72.0,116.0,31.0,34.25806451612903,14.528059613349344,13.0,24.5,31.0,42.5,76.0
제주,2017,04,30.0,76.63333333333334,52.6704021663763,12.0,52.0,73.0,85.5,316.0,30.0,29.1,13.879655168130329,1.0,20.25,27.0,36.5,67.0
제주,2017,05,31.0,64.45161290322581,43.32192571102799,16.0,40.5,54.0,70.0,231.0,31.0,24.129032258064516,9.468340000527622,3.0,18.5,24.0,30.0,44.0
제주,2017,06,30.0,51.03333333333333,21.52221520026312,28.0,40.0,43.0,58.5,132.0,30.0,28.666666666666668,16.514013554498522,11.0,20.0,24.0,32.75,97.0
제주,2017,07,30.0,39.13333333333333,16.096119329554696,12.0,28.5,36.0,45.5,72.0,30.0,20.6,12.127483748451924,4.0,12.5,20.5,24.75,56.0
제주,2017,08,27.0,35.407407407407405,11.334967202488125,14.0,27.0,34.0,42.0,64.0,27.0,19.37037037037037,7.761582650604531,5.0,14.0,20.0,23.0,40.0
제주,2017,09,27.0,39.25925925925926,21.094280290369255,7.0,25.5,37.0,48.0,111.0,27.0,25.074074074074073,15.155415193474894,8.0,15.0,21.0,31.5,81.0
제주,2017,10,31.0,32.61290322580645,12.164641162963088,12.0,24.5,31.0,42.0,68.0,31.0,20.612903225806452,6.800379496051862,9.0,16.0,19.0,24.0,35.0
제주,2017,11,30.0,47.5,18.012926393048392,19.0,35.25,45.0,57.75,93.0,30.0,29.5,12.851271237266495,11.0,21.5,25.5,33.0,64.0
제주,2017,12,31.0,40.0,18.308467986153293,16.0,26.5,38.0,53.5,79.0,31.0,27.06451612903226,12.66737406060932,10.0,17.5,26.0,33.0,63.0
제주,2018,01,31.0,40.064516129032256,22.356110997325345,12.0,24.5,36.0,46.0,91.0,31.0,24.451612903225808,13.884856762380661,9.0,14.0,20.0,29.5,63.0
제주,2018,02,28.0,48.75,23.053279673480382,18.0,28.75,46.0,64.5,104.0,28.0,28.821428571428573,15.634846104084705,9.0,16.0,25.5,37.5,72.0
제주,2018,03,31.0,55.193548387096776,30.10362033027336,13.0,35.0,47.0,74.0,123.0,31.0,32.16129032258065,22.386151633236036,7.0,15.5,24.0,38.5,93.0
제주,2018,04,30.0,78.26666666666667,53.729805080820725,25.0,44.0,60.5,106.75,276.0,30.0,30.7,15.179727860901673,11.0,22.0,27.5,35.0,83.0
제주,2018,05,31.0,49.70967741935484,19.618347787020014,22.0,36.0,45.0,58.0,98.0,31.0,26.387096774193548,10.753844023897807,11.0,19.0,25.0,32.5,54.0
제주,2018,06,30.0,41.733333333333334,13.900963333855511,21.0,33.25,41.0,46.75,78.0,30.0,24.766666666666666,10.002356044291846,10.0,20.25,23.0,29.75,51.0
제주,2018,07,31.0,37.25806451612903,7.899230941197097,22.0,31.5,38.0,43.0,50.0,31.0,19.548387096774192,7.571167720052257,6.0,15.0,18.0,23.5,40.0
제주,2018,08,28.0,33.642857142857146,8.765311621995412,12.0,28.0,35.5,37.25,56.0,28.0,16.928571428571427,5.702037137131563,8.0,12.0,17.0,20.0,28.0
제주,2018,09,30.0,35.0,13.088557782566658,8.0,28.25,34.0,38.75,64.0,30.0,17.6,6.770116894014512,8.0,14.0,15.5,19.0,39.0
제주,2018,10,29.0,38.793103448275865,17.197132880522403,20.0,27.0,32.0,44.0,88.0,29.0,19.689655172413794,7.815293835422322,11.0,15.0,17.0,21.0,46.0
제주,2018,11,30.0,52.833333333333336,40.48250651001409,14.0,29.0,37.5,57.0,187.0,30.0,28.566666666666666,14.910499270840903,11.0,15.5,25.0,39.0,63.0
제주,2018,12,31.0,42.064516129032256,32.42523244210797,13.0,22.5,29.0,45.5,148.0,31.0,22.322580645161292,12.251223331499576,10.0,15.0,19.0,27.0,64.0
충남,2016,01,25.0,61.36,21.706143523589507,30.0,46.0,56.0,76.0,112.0,25.0,45.64,24.829216661022556,7.0,24.0,43.0,60.0,99.0
충남,2016,02,28.0,54.035714285714285,27.638515990146185,23.0,38.75,45.0,66.25,160.0,28.0,34.07142857142857,21.68277789266996,7.0,21.75,25.0,43.25,88.0
충남,2016,03,29.0,63.62068965517241,25.743811729511464,26.0,43.0,56.0,84.0,122.0,29.0,36.86206896551724,18.9505449185336,13.0,22.0,30.0,53.0,80.0
충남,2016,04,29.0,81.93103448275862,74.5246512592994,16.0,45.0,56.0,82.0,341.0,29.0,32.93103448275862,28.675438761723242,6.0,16.0,23.0,37.0,112.0
충남,2016,05,31.0,68.80645161290323,35.22065620706,3.0,42.0,70.0,98.5,143.0,31.0,30.806451612903224,16.45685136923972,1.0,20.0,26.0,43.0,64.0
충남,2016,06,29.0,65.79310344827586,34.22653451672591,11.0,39.0,66.0,84.0,170.0,29.0,38.689655172413794,19.49194604422896,8.0,23.0,37.0,51.0,98.0
충남,2016,07,31.0,37.54838709677419,17.77608638907417,8.0,24.5,34.0,51.5,71.0,31.0,21.93548387096774,10.305129738374534,5.0,14.0,20.0,30.0,42.0
충남,2016,08,31.0,47.32258064516129,19.68482850111424,9.0,32.5,47.0,59.5,88.0,31.0,27.677419354838708,12.835853683528267,6.0,20.0,28.0,34.5,51.0
충남,2016,09,30.0,52.56666666666667,28.895391988358966,15.0,26.0,52.5,61.5,131.0,30.0,28.5,12.80288221860407,6.0,19.5,28.0,33.75,60.0
충남,2016,10,31.0,67.64516129032258,31.58221903444698,18.0,44.5,63.0,88.5,134.0,31.0,31.741935483870968,21.49878716259049,8.0,18.0,22.0,41.0,109.0
충남,2016,11,30.0,86.93333333333334,37.26321411844101,24.0,59.75,75.5,112.75,197.0,30.0,44.166666666666664,17.242856258579177,14.0,36.25,40.0,52.0,85.0
충남,2016,12,31.0,71.83870967741936,30.977515258859984,22.0,47.0,69.0,91.0,157.0,31.0,48.225806451612904,21.954057601302093,12.0,31.5,46.0,65.5,91.0
충남,2017,01,31.0,74.87096774193549,35.91911462855014,24.0,48.0,64.0,97.0,170.0,31.0,41.483870967741936,23.654275114295842,10.0,22.0,40.0,60.5,93.0
충남,2017,02,28.0,78.57142857142857,30.830995192342794,35.0,54.5,79.0,92.75,167.0,28.0,37.17857142857143,20.202774967863114,15.0,22.75,33.5,44.25,98.0
충남,2017,03,31.0,87.83870967741936,29.081605611558597,42.0,60.0,86.0,109.5,144.0,31.0,49.38709677419355,20.21991991305412,16.0,32.5,47.0,66.0,95.0
충남,2017,04,30.0,90.6,38.805083207727066,44.0,63.5,81.5,106.0,185.0,30.0,34.93333333333333,15.87870691628677,15.0,23.25,30.0,45.25,66.0
충남,2017,05,31.0,99.80645161290323,92.04072263762338,36.0,50.5,67.0,104.0,479.0,31.0,33.87096774193548,16.905111525776007,10.0,25.5,32.0,37.0,88.0
충남,2017,06,30.0,71.36666666666666,27.62867492589754,43.0,49.25,64.5,85.0,152.0,30.0,34.266666666666666,12.153992769040348,14.0,26.0,31.0,45.0,58.0
충남,2017,07,31.0,50.38709677419355,16.351712284151038,21.0,42.5,48.0,58.5,91.0,31.0,28.096774193548388,12.356792568488197,10.0,17.0,29.0,38.5,54.0
충남,2017,08,31.0,40.12903225806452,12.510640632368036,17.0,31.0,39.0,45.0,67.0,31.0,21.70967741935484,11.328999804004756,7.0,13.0,20.0,31.0,42.0
충남,2017,09,30.0,59.266666666666666,23.564926206683456,31.0,42.0,54.0,64.75,133.0,30.0,32.6,23.514632275127813,10.0,18.25,23.5,40.75,105.0
충남,2017,10,31.0,60.96774193548387,25.783048528012536,14.0,39.5,58.0,84.5,114.0,31.0,32.903225806451616,17.459199750102478,10.0,19.5,28.0,48.0,80.0
충남,2017,11,30.0,79.93333333333334,35.30940417209706,36.0,57.0,77.0,87.5,219.0,30.0,49.0,21.874248755573063,21.0,34.25,47.0,58.75,125.0
충남,2017,12,31.0,80.74193548387096,34.08515585210614,35.0,63.5,70.0,91.5,183.0,31.0,46.483870967741936,23.158685869081513,14.0,30.5,40.0,54.0,105.0
충남,2018,01,31.0,101.58064516129032,40.19765680861542,54.0,71.0,95.0,118.5,208.0,31.0,55.96774193548387,32.4689429773209,15.0,33.0,56.0,63.0,143.0
충남,2018,02,28.0,104.17857142857143,44.502229300321716,52.0,74.75,88.0,124.25,277.0,28.0,56.035714285714285,27.475891308101417,21.0,36.25,47.0,73.25,108.0
충남,2018,03,31.0,87.25806451612904,40.56350391007125,12.0,48.5,94.0,112.5,160.0,31.0,53.064516129032256,32.781026508099636,9.0,28.0,47.0,73.0,138.0
충남,2018,04,30.0,96.46666666666667,49.302537763132,12.0,63.0,94.0,134.75,217.0,30.0,40.6,22.403201741623047,7.0,27.5,37.0,50.0,109.0
충남,2018,05,31.0,80.61290322580645,42.45913911778777,24.0,41.0,78.0,106.0,188.0,31.0,38.16129032258065,25.160944304210243,9.0,17.0,29.0,56.0,94.0
충남,2018,06,30.0,72.2,31.753794234325166,24.0,52.25,68.0,98.75,126.0,30.0,41.93333333333333,22.25701490864573,8.0,24.25,40.5,60.75,86.0
충남,2018,07,31.0,47.903225806451616,27.784113972687912,10.0,30.0,40.0,61.0,156.0,31.0,22.93548387096774,13.76937540067563,4.0,14.0,19.0,32.5,56.0
충남,2018,08,31.0,42.45161290322581,20.381100247823422,18.0,30.0,40.0,50.5,108.0,31.0,21.64516129032258,10.001827789948443,8.0,12.5,23.0,27.5,48.0
충남,2018,09,30.0,38.7,13.746849168771929,18.0,28.25,37.0,47.0,77.0,30.0,18.666666666666668,7.013943419992108,8.0,15.0,16.0,23.0,34.0
충남,2018,10,31.0,64.16129032258064,27.263035749519346,10.0,45.0,60.0,84.5,124.0,31.0,33.12903225806452,20.87062039564049,4.0,19.0,25.0,38.0,89.0
충남,2018,11,30.0,108.93333333333334,43.9928938880324,43.0,78.0,101.0,130.25,235.0,30.0,67.03333333333333,29.632790939271562,27.0,46.5,61.0,80.0,156.0
충남,2018,12,31.0,93.64516129032258,39.0243927025963,42.0,68.0,82.0,118.0,177.0,31.0,50.29032258064516,25.802058765903542,14.0,26.5,47.0,69.0,107.0
충북,2016,01,31.0,94.09677419354838,35.961418991941606,43.0,64.5,89.0,123.5,176.0,31.0,62.45161290322581,25.471341686527392,20.0,43.5,56.0,84.5,118.0
충북,2016,02,29.0,88.48275862068965,30.86447413365078,38.0,64.0,87.0,110.0,150.0,29.0,53.10344827586207,21.19694187442109,17.0,32.0,55.0,64.0,96.0
충북,2016,03,31.0,127.45161290322581,44.28079998500285,47.0,96.5,142.0,150.5,219.0,31.0,64.96774193548387,23.212760673054728,23.0,50.0,70.0,78.0,113.0
충북,2016,04,30.0,114.33333333333333,66.5765482854826,36.0,65.25,89.0,151.5,310.0,30.0,53.36666666666667,26.766529966298982,19.0,30.25,47.5,71.5,120.0
충북,2016,05,31.0,110.12903225806451,53.38772763815287,21.0,77.5,108.0,141.5,248.0,31.0,56.61290322580645,33.38630200082547,10.0,31.5,48.0,78.0,166.0
충북,2016,06,30.0,78.83333333333333,30.219978928463558,23.0,55.5,75.0,96.75,152.0,30.0,44.766666666666666,20.35492541145133,14.0,30.5,42.0,55.0,104.0
충북,2016,07,31.0,48.67741935483871,26.722508735488876,15.0,29.0,42.0,61.5,129.0,31.0,25.258064516129032,13.30906393386473,2.0,16.0,24.0,33.5,51.0
충북,2016,08,31.0,49.32258064516129,21.589174905917076,12.0,34.0,49.0,63.5,114.0,31.0,24.870967741935484,11.848324594596686,6.0,16.5,22.0,30.5,55.0
충북,2016,09,30.0,59.333333333333336,29.06156762192429,10.0,33.0,61.5,80.5,123.0,30.0,37.166666666666664,19.690857905573115,6.0,22.0,34.0,54.0,72.0
충북,2016,10,31.0,63.32258064516129,35.20074534890248,16.0,39.5,54.0,82.0,148.0,31.0,41.516129032258064,26.171066680263447,9.0,23.0,32.0,53.5,104.0
충북,2016,11,30.0,90.66666666666667,33.13330789332726,32.0,71.25,91.5,112.75,164.0,30.0,57.4,23.830724879362396,12.0,36.25,60.0,69.75,108.0
충북,2016,12,31.0,86.70967741935483,31.27639530421954,18.0,61.5,90.0,101.0,154.0,31.0,62.064516129032256,22.137352271475418,14.0,48.0,65.0,76.0,104.0
충북,2017,01,31.0,100.70967741935483,34.822591851064246,45.0,72.0,96.0,115.5,188.0,31.0,69.45161290322581,34.212900792612736,22.0,43.0,70.0,86.0,158.0
충북,2017,02,28.0,96.14285714285714,33.03277192673998,48.0,71.75,94.5,112.75,184.0,28.0,60.964285714285715,30.600753007991234,23.0,36.0,60.0,78.25,156.0
충북,2017,03,31.0,104.90322580645162,39.36779973422414,43.0,75.0,111.0,130.0,188.0,31.0,67.64516129032258,27.306346499299114,23.0,42.5,67.0,89.5,122.0
충북,2017,04,30.0,101.53333333333333,35.95949189673381,28.0,80.75,99.5,126.5,163.0,30.0,55.2,25.14701600176656,21.0,34.75,50.5,69.5,118.0
충북,2017,05,31.0,102.12903225806451,54.00786481953894,32.0,72.0,86.0,112.0,264.0,31.0,43.516129032258064,19.946379734581637,10.0,32.0,40.0,51.5,116.0
충북,2017,06,30.0,75.26666666666667,25.655453588868287,20.0,59.0,72.0,93.75,120.0,30.0,44.03333333333333,18.699960046671926,8.0,31.25,42.0,58.25,87.0
충북,2017,07,31.0,57.87096774193548,35.00546808284278,14.0,28.0,66.0,78.0,179.0,31.0,34.38709677419355,25.443633675708664,6.0,16.0,26.0,46.0,135.0
충북,2017,08,31.0,45.806451612903224,23.168109338540784,15.0,31.5,40.0,54.0,110.0,31.0,22.096774193548388,9.809365724346222,10.0,14.0,20.0,24.5,48.0
충북,2017,09,30.0,70.33333333333333,30.804537656486342,28.0,48.5,58.5,89.0,149.0,30.0,40.233333333333334,22.58880304461717,14.0,24.0,35.5,53.5,92.0
충북,2017,10,31.0,68.51612903225806,30.02651158309041,26.0,45.5,58.0,85.5,136.0,31.0,39.064516129032256,17.90704793067238,10.0,27.0,38.0,47.0,82.0
충북,2017,11,30.0,91.4,34.87870608166298,26.0,66.5,99.5,114.0,169.0,30.0,58.166666666666664,21.523176495043234,25.0,45.25,62.0,73.75,104.0
충북,2017,12,31.0,86.93548387096774,33.96266134435577,26.0,58.5,86.0,106.5,157.0,31.0,59.645161290322584,27.3392860027431,16.0,38.0,54.0,77.0,127.0
충북,2018,01,31.0,94.6774193548387,49.070960249265,40.0,55.5,79.0,125.5,254.0,31.0,65.80645161290323,38.83762724887529,16.0,39.5,60.0,80.0,193.0
충북,2018,02,28.0,111.92857142857143,55.16032428894319,42.0,71.75,99.5,131.0,267.0,28.0,65.46428571428571,30.246496145843558,17.0,41.5,64.0,79.0,151.0
충북,2018,03,31.0,97.0,53.85164807134504,16.0,52.0,100.0,141.5,211.0,31.0,62.193548387096776,36.90656613200304,11.0,33.5,64.0,89.0,137.0
충북,2018,04,30.0,96.2,48.149479891200315,15.0,69.0,99.5,131.75,184.0,30.0,49.4,24.495742064904768,15.0,29.0,48.5,64.75,112.0
충북,2018,05,31.0,78.80645161290323,44.9187558115306,23.0,40.0,68.0,116.5,189.0,31.0,42.096774193548384,28.16896026800857,11.0,22.0,33.0,52.5,136.0
충북,2018,06,30.0,71.3,32.00770381405508,12.0,49.25,72.5,102.0,122.0,30.0,43.8,21.089955118410085,10.0,28.0,40.5,55.0,92.0
충북,2018,07,31.0,58.96774193548387,39.31029031603789,12.0,29.0,41.0,88.0,157.0,31.0,34.935483870967744,25.074469730346536,7.0,16.0,27.0,53.0,111.0
충북,2018,08,31.0,45.87096774193548,17.456120102481478,16.0,31.5,49.0,56.0,93.0,31.0,24.419354838709676,9.021360553517367,8.0,17.5,24.0,31.0,46.0
충북,2018,09,30.0,54.9,25.858167521814202,18.0,36.25,52.0,64.0,138.0,30.0,27.133333333333333,12.538859138922772,11.0,17.0,26.0,35.75,58.0
충북,2018,10,31.0,75.06451612903226,34.69575909134618,10.0,54.0,70.0,86.0,184.0,31.0,39.354838709677416,26.04425514017346,5.0,20.5,28.0,53.0,136.0
충북,2018,11,30.0,115.4,51.482571540413495,45.0,92.0,106.0,135.25,328.0,30.0,68.66666666666667,21.665694054208714,31.0,60.25,66.5,74.0,139.0
충북,2018,12,31.0,87.29032258064517,33.62855289619928,21.0,55.5,86.0,117.5,148.0,31.0,52.03225806451613,25.417164634642397,14.0,27.0,55.0,71.5,103.0
